Date,Argentina,Brazil,US
7/01/2000,,198,184
14/01/2000,,202,189
21/01/2000,,206,196
28/01/2000,,216,203
4/02/2000,,205,195
11/02/2000,,209,195
18/02/2000,,208,199
25/02/2000,,207,192
3/03/2000,,207,196
10/03/2000,,209,194
17/03/2000,,215,204
24/03/2000,,212,202
31/03/2000,,220,210
7/04/2000,,216,200
14/04/2000,,220,204
21/04/2000,,217,203
28/04/2000,,218,204
5/05/2000,,225,213
12/05/2000,,224,211
19/05/2000,,218,205
26/05/2000,,220,197
2/06/2000,,212,194
9/06/2000,,214,194
16/06/2000,,213,198
23/06/2000,,212,195
30/06/2000,,208,187
7/07/2000,,206,185
14/07/2000,,201,185
21/07/2000,,198,184
28/07/2000,,200,179
4/08/2000,,198,176
11/08/2000,,200,178
18/08/2000,,205,180
25/08/2000,,208,186
1/09/2000,,212,194
8/09/2000,,206,191
15/09/2000,,208,189
22/09/2000,,211,188
29/09/2000,,213,190
6/10/2000,,208,186
13/10/2000,,204,179
20/10/2000,,204,181
27/10/2000,,198,179
3/11/2000,,202,182
10/11/2000,,202,181
17/11/2000,,202,187
24/11/2000,,207,193
1/12/2000,,212,197
8/12/2000,,210,201
15/12/2000,,212,199
22/12/2000,,214,203
29/12/2000,,212,201
5/01/2001,,212,196
12/01/2001,,208,194
19/01/2001,,205,190
26/01/2001,,200,186
2/02/2001,,197,189
9/02/2001,,208,184
16/02/2001,,194,183
23/02/2001,,192,183
2/03/2001,,190,184
9/03/2001,,196,184
16/03/2001,,197,175
23/03/2001,,188,175
30/03/2001,,185,172
6/04/2001,,179,173
13/04/2001,,183,172
20/04/2001,,180,169
27/04/2001,,178,168
4/05/2001,,174,176
11/05/2001,,183,179
18/05/2001,,182,183
25/05/2001,,184,179
1/06/2001,,188,181
8/06/2001,,191,186
15/06/2001,,194,182
22/06/2001,,191,180
29/06/2001,,188,190
6/07/2001,,,194
13/07/2001,,,206
20/07/2001,,,195
27/07/2001,,,202
3/08/2001,,,192
10/08/2001,,,206
17/08/2001,,,202
24/08/2001,,,191
31/08/2001,,,191
7/09/2001,,,186
14/09/2001,,,188
21/09/2001,,,189
28/09/2001,,,180
5/10/2001,178,186,179
12/10/2001,177,181,174
19/10/2001,176,169,171
26/10/2001,182,171,171
2/11/2001,178,170,173
9/11/2001,186,169,178
16/11/2001,188,172,181
23/11/2001,188,172,181
30/11/2001,158,170,179
7/12/2001,157,170,180
14/12/2001,153,168,177
21/12/2001,,,177
28/12/2001,,,174
4/01/2002,,163,173
11/01/2002,,170,180
18/01/2002,,171,180
25/01/2002,152,168,175
1/02/2002,150,164,173
8/02/2002,148,163,172
15/02/2002,151,165,175
22/02/2002,153,162,176
1/03/2002,154,159,176
8/03/2002,161,164,180
15/03/2002,165,170,182
22/03/2002,161,169,180
29/03/2002,165,174,184
5/04/2002,161,171,181
12/04/2002,162,170,180
19/04/2002,166,177,184
26/04/2002,168,177,183
3/05/2002,163,173,180
10/05/2002,169,176,184
17/05/2002,181,188,193
24/05/2002,184,189,194
31/05/2002,190,198,200
7/06/2002,191,199,199
14/06/2002,187,194,195
21/06/2002,185,191,195
28/06/2002,193,199,211
5/07/2002,199,205,226
12/07/2002,205,211,226
19/07/2002,212,212,228
26/07/2002,200,201,216
2/08/2002,208,208,220
9/08/2002,209,211,220
16/08/2002,219,222,231
23/08/2002,208,212,218
30/08/2002,213,219,220
6/09/2002,220,227,224
13/09/2002,219,227,223
20/09/2002,218,227,224
27/09/2002,218,225,221
4/10/2002,211,210,213
11/10/2002,209,209,208
18/10/2002,217,216,216
25/10/2002,220,221,219
1/11/2002,224,225,224
8/11/2002,193,223,222
15/11/2002,195,214,225
22/11/2002,199,220,226
29/11/2002,200,220,230
6/12/2002,195,215,224
13/12/2002,198,217,227
20/12/2002,196,218,227
27/12/2002,197,218,226
3/01/2003,203,223,230
10/01/2003,195,213,224
17/01/2003,196,212,224
24/01/2003,201,215,229
31/01/2003,199,213,228
7/02/2003,196,208,223
14/02/2003,203,218,229
21/02/2003,204,217,227
28/02/2003,204,214,228
7/03/2003,201,208,223
14/03/2003,204,213,227
21/03/2003,205,213,227
28/03/2003,209,215,225
4/04/2003,213,216,231
11/04/2003,214,218,233
18/04/2003,217,224,238
25/04/2003,213,216,230
2/05/2003,224,226,240
9/05/2003,226,229,243
16/05/2003,224,229,245
23/05/2003,223,226,240
30/05/2003,220,224,239
6/06/2003,226,229,241
13/06/2003,218,226,235
20/06/2003,228,234,243
27/06/2003,229,236,245
4/07/2003,227,234,243
11/07/2003,226,232,242
18/07/2003,208,218,222
25/07/2003,206,212,217
1/08/2003,205,209,213
8/08/2003,207,220,213
15/08/2003,219,219,223
22/08/2003,230,230,232
29/08/2003,230,232,235
5/09/2003,228,233,239
12/09/2003,240,243,253
19/09/2003,243,245,257
26/09/2003,249,251,257
3/10/2003,256,259,264
10/10/2003,269,270,278
17/10/2003,278,278,284
24/10/2003,291,290,297
31/10/2003,304,301,309
7/11/2003,289,281,292
14/11/2003,300,291,303
21/11/2003,289,281,294
28/11/2003,290,282,295
5/12/2003,291,284,295
12/12/2003,297,287,301
19/12/2003,290,283,296
26/12/2003,294,274,305
2/01/2004,283,292,306
9/01/2004,279,287,305
16/01/2004,297,300,319
23/01/2004,287,294,321
30/01/2004,280,285,315
6/02/2004,280,285,325
13/02/2004,276,279,320
20/02/2004,289,293,342
27/02/2004,311,299,358
5/03/2004,310,299,354
12/03/2004,318,314,363
19/03/2004,340,340,388
26/03/2004,330,328,385
2/04/2004,340,333,396
9/04/2004,318,320,370
16/04/2004,312,310,365
23/04/2004,317,328,367
30/04/2004,340,340,391
7/05/2004,328,331,397
14/05/2004,295,299,363
21/05/2004,275,267,343
28/05/2004,251,248,320
4/06/2004,253,253,329
11/06/2004,262,267,337
18/06/2004,269,262,346
25/06/2004,278,267,363
2/07/2004,268,266,361
9/07/2004,253,257,365
16/07/2004,220,221,312
23/07/2004,230,231,271
30/07/2004,227,227,233
6/08/2004,228,226,230
13/08/2004,235,235,239
20/08/2004,231,235,235
27/08/2004,237,246,245
3/09/2004,241,245,245
10/09/2004,229,227,232
17/09/2004,227,225,221
24/09/2004,218,213,209
1/10/2004,220,221,214
8/10/2004,218,220,211
15/10/2004,213,215,208
22/10/2004,219,219,219
29/10/2004,217,216,215
5/11/2004,208,213,210
12/11/2004,215,220,216
19/11/2004,222,226,225
26/11/2004,222,224,227
3/12/2004,214,217,217
10/12/2004,220,216,222
17/12/2004,193,222,233
24/12/2004,197,224,232
31/12/2004,195,223,224
7/01/2005,194,238,229
14/01/2005,188,230,222
21/01/2005,185,216,219
28/01/2005,187,209,222
4/02/2005,183,200,209
11/02/2005,191,204,220
18/02/2005,202,216,226
25/02/2005,219,231,243
4/03/2005,228,237,247
11/03/2005,239,249,259
18/03/2005,232,241,252
25/03/2005,225,234,243
1/04/2005,222,229,239
8/04/2005,221,225,238
15/04/2005,222,229,240
22/04/2005,227,236,248
29/04/2005,222,233,246
6/05/2005,227,239,252
13/05/2005,219,228,241
20/05/2005,226,233,247
27/05/2005,237,246,259
3/06/2005,240,245,262
10/06/2005,234,242,258
17/06/2005,254,278,278
24/06/2005,257,285,285
1/07/2005,245,245,259
8/07/2005,244,245,261
15/07/2005,260,265,280
22/07/2005,244,251,262
29/07/2005,251,254,261
5/08/2005,249,252,259
12/08/2005,243,250,251
19/08/2005,231,238,236
26/08/2005,234,238,238
2/09/2005,237,242,237
9/09/2005,234,239,243
16/09/2005,230,232,234
23/09/2005,231,237,232
30/09/2005,231,233,230
7/10/2005,228,233,227
14/10/2005,237,242,235
21/10/2005,229,232,230
28/10/2005,226,230,227
4/11/2005,229,238,234
11/11/2005,232,239,242
18/11/2005,222,231,230
25/11/2005,216,228,224
2/12/2005,225,230,232
9/12/2005,231,233,240
16/12/2005,237,241,244
23/12/2005,244,249,252
30/12/2005,239,240,243
6/01/2006,239,232,240
13/01/2006,225,220,231
20/01/2006,212,222,232
27/01/2006,221,231,241
3/02/2006,220,229,239
10/02/2006,215,227,236
17/02/2006,223,237,244
24/02/2006,218,230,235
3/03/2006,224,236,238
10/03/2006,217,223,232
17/03/2006,213,220,225
24/03/2006,213,220,224
31/03/2006,211,219,223
7/04/2006,209,214,220
14/04/2006,212,216,224
21/04/2006,214,219,226
28/04/2006,223,226,232
5/05/2006,224,231,235
12/05/2006,230,235,238
19/05/2006,220,224,228
26/05/2006,221,221,226
2/06/2006,230,232,238
9/06/2006,221,222,229
16/06/2006,226,227,235
23/06/2006,220,221,229
30/06/2006,228,230,236
7/07/2006,230,233,241
14/07/2006,230,234,241
21/07/2006,224,224,233
28/07/2006,227,230,233
4/08/2006,228,230,236
11/08/2006,223,228,229
18/08/2006,222,231,228
25/08/2006,219,226,225
1/09/2006,221,224,224
8/09/2006,220,223,223
15/09/2006,220,226,227
22/09/2006,222,227,227
29/09/2006,222,229,226
6/10/2006,235,237,230
13/10/2006,244,244,241
20/10/2006,246,250,247
27/10/2006,255,260,257
3/11/2006,257,261,263
10/11/2006,256,266,263
17/11/2006,257,261,262
24/11/2006,268,269,272
1/12/2006,257,270,271
8/12/2006,252,259,264
15/12/2006,253,261,262
22/12/2006,256,262,260
29/12/2006,263,270,270
5/01/2007,258,261,265
12/01/2007,270,272,278
19/01/2007,267,270,276
26/01/2007,264,269,273
2/02/2007,272,278,284
9/02/2007,274,282,289
16/02/2007,279,289,294
23/02/2007,283,293,297
2/03/2007,266,278,283
9/03/2007,267,280,284
16/03/2007,262,275,279
23/03/2007,264,274,285
30/03/2007,260,274,285
6/04/2007,261,273,286
13/04/2007,254,266,276
20/04/2007,260,267,272
27/04/2007,262,265,272
4/05/2007,266,270,275
11/05/2007,269,273,284
18/05/2007,275,280,293
25/05/2007,275,288,301
1/06/2007,278,286,302
8/06/2007,279,289,302
15/06/2007,291,299,314
22/06/2007,273,282,298
29/06/2007,287,296,317
6/07/2007,290,299,321
13/07/2007,303,312,337
20/07/2007,268,303,308
27/07/2007,272,294,298
3/08/2007,294,317,321
10/08/2007,309,320,326
17/08/2007,299,310,317
24/08/2007,318,323,331
31/08/2007,325,338,336
7/09/2007,333,344,343
14/09/2007,350,364,367
21/09/2007,362,380,378
28/09/2007,373,387,382
5/10/2007,355,372,364
12/10/2007,371,385,378
19/10/2007,372,389,380
26/10/2007,373,396,382
2/11/2007,381,394,389
9/11/2007,397,409,406
16/11/2007,411,417,420
23/11/2007,415,419,426
30/11/2007,416,417,418
7/12/2007,424,432,434
14/12/2007,436,447,450
21/12/2007,444,452,455
28/12/2007,455,462,467
4/01/2008,,458,480
11/01/2008,,472,488
18/01/2008,431,456,477
25/01/2008,436,451,475
1/02/2008,451,466,492
8/02/2008,471,483,509
15/02/2008,478,492,523
22/02/2008,487,502,538
29/02/2008,528,534,579
7/03/2008,481,455,529
14/03/2008,462,464,506
21/03/2008,414,421,455
28/03/2008,440,455,477
4/04/2008,449,463,487
11/04/2008,468,473,507
18/04/2008,475,480,515
25/04/2008,460,471,507
2/05/2008,447,460,493
9/05/2008,467,484,510
16/05/2008,479,482,517
23/05/2008,481,479,514
30/05/2008,478,485,515
6/06/2008,512,525,553
13/06/2008,559,563,592
20/06/2008,556,572,588
27/06/2008,577,582,604
4/07/2008,599,609,633
11/07/2008,591,599,621
18/07/2008,538,548,564
25/07/2008,518,542,538
1/08/2008,502,514,522
8/08/2008,444,459,456
15/08/2008,460,470,480
22/08/2008,486,511,513
29/08/2008,482,509,504
5/09/2008,434,453,451
12/09/2008,451,464,464
19/09/2008,433,449,446
26/09/2008,444,453,453
3/10/2008,387,392,388
10/10/2008,357,361,363
17/10/2008,363,359,357
24/10/2008,341,349,345
31/10/2008,,374,366
7/11/2008,364,369,361
14/11/2008,355,366,357
21/11/2008,338,340,336
28/11/2008,352,355,352
5/12/2008,315,315,317
12/12/2008,340,341,345
19/12/2008,343,347,351
26/12/2008,374,378,381
2/01/2009,380,384,388
9/01/2009,407,396,412
16/01/2009,402,396,411
23/01/2009,400,392,403
30/01/2009,388,384,391
6/02/2009,392,390,398
13/02/2009,358,376,380
20/02/2009,326,333,344
27/02/2009,328,331,347
6/03/2009,,339,348
13/03/2009,335,344,349
20/03/2009,369,373,375
27/03/2009,354,354,362
3/04/2009,379,380,390
10/04/2009,385,388,396
17/04/2009,403,405,409
24/04/2009,400,396,406
1/05/2009,420,421,427
8/05/2009,426,428,435
15/05/2009,432,436,444
22/05/2009,441,443,457
29/05/2009,448,448,463
5/06/2009,461,469,477
12/06/2009,467,467,483
19/06/2009,440,439,459
26/06/2009,446,461,471
3/07/2009,458,476,488
10/07/2009,417,432,433
17/07/2009,411,419,413
24/07/2009,419,430,412
31/07/2009,455,478,450
7/08/2009,476,525,468
14/08/2009,,446,443
21/08/2009,,453,439
28/08/2009,,487,445
4/09/2009,407,436,383
11/09/2009,400,428,372
18/09/2009,405,428,388
25/09/2009,403,419,384
2/10/2009,391,404,370
9/10/2009,,433,399
16/10/2009,,438,404
23/10/2009,,448,414
30/10/2009,,439,397
6/11/2009,,418,388
13/11/2009,,,396
20/11/2009,,399,414
27/11/2009,,404,417
4/12/2009,,401,412
11/12/2009,,400,408
18/12/2009,,391,401
25/12/2009,,,
1/01/2010,,406,413
8/01/2010,,394,407
15/01/2010,,383,391
22/01/2010,357,373,382
29/01/2010,336,351,368
5/02/2010,339,352,368
12/02/2010,349,365,377
19/02/2010,350,368,375
26/02/2010,351,364,375
5/03/2010,345,356,367
12/03/2010,341,349,361
19/03/2010,357,360,374
26/03/2010,355,356,371
2/04/2010,350,352,367
9/04/2010,357,360,368
16/04/2010,368,370,380
23/04/2010,372,374,387
30/04/2010,369,373,384
7/05/2010,356,361,370
14/05/2010,352,363,372
21/05/2010,352,359,371
28/05/2010,352,357,371
4/06/2010,347,360,371
11/06/2010,363,365,376
18/06/2010,371,374,380
25/06/2010,371,377,379
2/07/2010,373,388,382
9/07/2010,398,413,398
16/07/2010,410,412,411
23/07/2010,,412,412
30/07/2010,,423,415
6/08/2010,,435,424
13/08/2010,431,431,430
20/08/2010,420,415,415
27/08/2010,424,424,425
3/09/2010,428,435,426
10/09/2010,427,437,425
17/09/2010,439,446,435
24/09/2010,456,471,456
1/10/2010,429,443,429
8/10/2010,457,468,457
15/10/2010,,479,475
22/10/2010,,484,479
29/10/2010,,478,485
5/11/2010,,501,502
12/11/2010,,492,495
19/11/2010,,471,473
26/11/2010,,481,487
3/12/2010,,503,510
10/12/2010,,492,500
17/12/2010,,504,511
24/12/2010,,521,528
31/12/2010,,536,544
7/01/2011,,521,528
14/01/2011,,537,548
21/01/2011,,534,543
28/01/2011,,531,540
4/02/2011,,539,555
11/02/2011,543,533,548
18/02/2011,523,518,530
25/02/2011,522,518,530
4/03/2011,535,534,548
11/03/2011,507,501,518
18/03/2011,513,510,527
25/03/2011,508,504,526
1/04/2011,520,512,535
8/04/2011,518,515,537
15/04/2011,492,493,516
22/04/2011,509,511,534
29/04/2011,510,515,537
6/05/2011,489,489,513
13/05/2011,490,489,516
20/05/2011,507,509,534
27/05/2011,509,511,538
3/06/2011,523,524,551
10/06/2011,513,513,541
17/06/2011,494,499,521
24/06/2011,498,500,516
1/07/2011,,507,512
8/07/2011,,521,528
15/07/2011,533,537,542
22/07/2011,529,539,537
29/07/2011,520,528,528
5/08/2011,517,521,519
12/08/2011,512,522,517
19/08/2011,525,528,529
26/08/2011,544,549,548
2/09/2011,550,548,552
9/09/2011,540,537,540
16/09/2011,513,510,511
23/09/2011,480,473,477
30/09/2011,453,448,452
7/10/2011,451,438,447
14/10/2011,496,483,495
21/10/2011,473,468,475
28/10/2011,478,470,472
4/11/2011,475,468,470
11/11/2011,462,453,453
18/11/2011,455,453,453
25/11/2011,436,433,432
2/12/2011,447,441,445
9/12/2011,436,430,435
16/12/2011,441,439,442
23/12/2011,453,457,454
30/12/2011,464,470,467
6/01/2012,462,466,462
13/01/2012,450,452,451
20/01/2012,460,464,462
27/01/2012,472,473,477
3/02/2012,476,479,484
10/02/2012,472,477,482
17/02/2012,488,500,497
24/02/2012,488,499,499
2/03/2012,508,515,516
9/03/2012,510,515,517
16/03/2012,521,532,531
23/03/2012,517,528,527
30/03/2012,534,542,539
6/04/2012,543,549,552
13/04/2012,544,553,553
20/04/2012,551,559,558
27/04/2012,570,576,577
4/05/2012,565,567,569
11/05/2012,536,543,542
18/05/2012,535,543,542
25/05/2012,526,533,534
1/06/2012,512,517,520
8/06/2012,541,552,551
15/06/2012,522,542,533
22/06/2012,552,577,556
29/06/2012,583,600,583
6/07/2012,605,630,614
13/07/2012,621,663,628
20/07/2012,671,723,688
27/07/2012,643,698,666
3/08/2012,644,682,653
10/08/2012,641,714,657
17/08/2012,638,697,658
24/08/2012,668,728,680
31/08/2012,678,768,682
7/09/2012,675,756,671
14/09/2012,676,740,672
21/09/2012,629,697,629
28/09/2012,623,631,622
5/10/2012,605,605,604
12/10/2012,594,594,594
19/10/2012,599,599,597
26/10/2012,601,601,607
2/11/2012,587,587,594
9/11/2012,559,559,569
16/11/2012,534,534,548
23/11/2012,547,547,561
30/11/2012,554,554,576
7/12/2012,567,567,591
14/12/2012,575,575,600
21/12/2012,552,552,570
28/12/2012,532,532,568
4/01/2013,510,521,556
11/01/2013,524,519,568
18/01/2013,534,544,566
25/01/2013,536,546,571
1/02/2013,549,553,582
8/02/2013,543,543,572
15/02/2013,527,536,558
22/02/2013,535,551,570
1/03/2013,540,536,560
8/03/2013,550,544,574
15/03/2013,527,520,557
22/03/2013,533,525,558
29/03/2013,522,508,545
5/04/2013,511,494,531
12/04/2013,520,512,563
19/04/2013,523,513,573
26/04/2013,520,504,573
3/05/2013,525,513,582
10/05/2013,527,509,567
17/05/2013,543,526,591
24/05/2013,550,531,588
31/05/2013,556,542,601
7/06/2013,553,542,607
14/06/2013,550,543,603
21/06/2013,532,534,589
28/06/2013,540,560,615
5/07/2013,539,535,622
12/07/2013,532,527,595
19/07/2013,548,547,612
26/07/2013,509,490,503
2/08/2013,490,484,486
9/08/2013,490,490,486
16/08/2013,524,514,514
23/08/2013,549,544,538
30/08/2013,545,561,550
6/09/2013,552,567,558
13/09/2013,559,563,555
20/09/2013,544,538,526
27/09/2013,533,547,527
4/10/2013,533,553,520
11/10/2013,525,,511
18/10/2013,529,,522
25/10/2013,535,,525
1/11/2013,528,,513
8/11/2013,532,,526
15/11/2013,534,,520
22/11/2013,547,,534
29/11/2013,554,,541
6/12/2013,551,495,535
13/12/2013,550,497,536
20/12/2013,554,509,542
27/12/2013,544,503,540
3/01/2014,529,487,525
10/01/2014,517,492,531
17/01/2014,533,502,533
24/01/2014,521,490,521
31/01/2014,519,479,519
7/02/2014,537,481,532
14/02/2014,540,499,534
21/02/2014,552,515,547
28/02/2014,567,524,563
7/03/2014,583,540,579
14/03/2014,514,505,547
21/03/2014,516,512,554
28/03/2014,519,515,566
4/04/2014,532,527,575
11/04/2014,523,523,571
18/04/2014,535,538,589
25/04/2014,528,534,582
2/05/2014,528,527,576
9/05/2014,531,537,584
16/05/2014,522,530,573
23/05/2014,545,546,592
30/05/2014,537,536,584
6/06/2014,521,524,568
13/06/2014,504,517,558
20/06/2014,497,530,554
27/06/2014,517,536,561
4/07/2014,499,525,547
11/07/2014,467,494,513
18/07/2014,467,491,477
25/07/2014,490,515,481
1/08/2014,482,513,466
8/08/2014,495,503,485
15/08/2014,493,501,484
22/08/2014,470,520,511
29/08/2014,463,511,440
5/09/2014,460,505,443
12/09/2014,447,507,430
19/09/2014,430,449,416
26/09/2014,410,,401
3/10/2014,410,,399
10/10/2014,407,,401
17/10/2014,414,,410
24/10/2014,440,,420
31/10/2014,462,,444
7/11/2014,459,,441
14/11/2014,452,,427
21/11/2014,459,,431
28/11/2014,452,414,423
5/12/2014,458,421,428
12/12/2014,462,420,425
19/12/2014,456,409,415
26/12/2014,459,415,421
2/01/2015,449,396,403
9/01/2015,464,409,418
16/01/2015,441,390,397
23/01/2015,436,386,392
30/01/2015,430,385,389
6/02/2015,435,380,393
13/02/2015,441,384,404
20/02/2015,444,384,401
27/02/2015,456,393,412
6/03/2015,438,377,388
13/03/2015,439,375,382
20/03/2015,369,375,388
27/03/2015,368,375,386
3/04/2015,375,377,393
10/04/2015,360,367,380
17/04/2015,365,374,386
24/04/2015,368,379,388
1/05/2015,366,381,388
8/05/2015,369,385,395
15/05/2015,360,373,385
22/05/2015,350,361,373
29/05/2015,355,364,376
5/06/2015,355,363,376
12/06/2015,355,363,378
19/06/2015,368,376,394
26/06/2015,376,381,404
3/07/2015,394,399,415
10/07/2015,382,399,412
17/07/2015,376,400,403
24/07/2015,367,392,397
31/07/2015,361,384,393
7/08/2015,375,389,406
14/08/2015,367,373,372
21/08/2015,356,375,364
28/08/2015,353,375,358
4/09/2015,349,370,356
11/09/2015,352,376,360
18/09/2015,350,368,358
25/09/2015,358,366,365
2/10/2015,356,358,360
9/10/2015,355,360,363
16/10/2015,358,365,365
23/10/2015,358,366,364
30/10/2015,354,363,357
6/11/2015,348,,351
13/11/2015,346,,346
20/11/2015,344,,345
27/11/2015,350,,349
4/12/2015,362,,360
11/12/2015,349,,347
18/12/2015,357,,356
25/12/2015,344,,349
1/01/2016,336,,350
8/01/2016,338,,354
15/01/2016,339,,355
22/01/2016,339,,355
29/01/2016,341,337,354
5/02/2016,330,330,346
12/02/2016,323,333,345
19/02/2016,325,334,347
26/02/2016,317,326,334
4/03/2016,323,333,340
11/03/2016,333,344,347
18/03/2016,336,345,348
25/03/2016,339,353,351
1/04/2016,341,356,351
8/04/2016,342,358,352
15/04/2016,355,373,368
22/04/2016,375,384,381
29/04/2016,384,399,394
6/05/2016,389,401,392
13/05/2016,401,409,402
20/05/2016,406,417,411
27/05/2016,413,421,415
3/06/2016,435,449,436
10/06/2016,450,480,454
17/06/2016,449,470,449
24/06/2016,431,466,441
1/07/2016,463,479,465
8/07/2016,434,459,437
15/07/2016,430,455,433
22/07/2016,412,430,407
29/07/2016,422,434,419
5/08/2016,405,424,411
12/08/2016,402,423,418
19/08/2016,409,434,417
26/08/2016,402,423,405
2/09/2016,394,415,398
9/09/2016,402,426,408
16/09/2016,398,419,399
23/09/2016,391,410,392
30/09/2016,385,407,387
7/10/2016,384,411,386
14/10/2016,383,414,381
21/10/2016,385,413,388
28/10/2016,390,416,395
4/11/2016,380,390,386
11/11/2016,376,386,385
18/11/2016,382,390,385
25/11/2016,399,405,402
2/12/2016,394,398,393
9/12/2016,396,400,399
16/12/2016,388,400,402
23/12/2016,378,385,385
30/12/2016,379,385,389
6/01/2017,375,386,384
13/01/2017,396,406,404
20/01/2017,405,414,411
27/01/2017,398,408,402
3/02/2017,393,396,395
10/02/2017,402,408,408
17/02/2017,395,399,402
24/02/2017,387,392,393
3/03/2017,392,395,394
10/03/2017,380,381,380
17/03/2017,375,383,381
24/03/2017,360,370,371
31/03/2017,351,356,360
7/04/2017,352,355,359
14/04/2017,351,360,363
21/04/2017,351,358,362
28/04/2017,355,362,361
5/05/2017,362,371,370
12/05/2017,361,367,366
19/05/2017,361,367,366
26/05/2017,355,359,356
2/06/2017,353,358,355
9/06/2017,360,365,361
16/06/2017,360,367,361
23/06/2017,350,354,349
30/06/2017,360,368,364
7/07/2017,379,386,382
14/07/2017,376,382,380
21/07/2017,383,397,391
28/07/2017,382,395,390
4/08/2017,367,378,371
11/08/2017,368,380,370
18/08/2017,366,380,371
25/08/2017,369,379,375
1/09/2017,374,377,376
8/09/2017,378,383,380
15/09/2017,377,387,379
22/09/2017,385,391,385
29/09/2017,380,384,377
6/10/2017,380,385,377
13/10/2017,385,395,386
20/10/2017,378,387,376
27/10/2017,372,386,375
3/11/2017,368,383,377
10/11/2017,366,388,379
17/11/2017,373,391,380
24/11/2017,374,392,381
1/12/2017,376,394,381
8/12/2017,375,391,378
15/12/2017,366,382,370
22/12/2017,359,376,368
29/12/2017,360,378,368
5/01/2018,364,384,375
12/01/2018,358,380,369
19/01/2018,365,385,376
26/01/2018,371,387,379
2/02/2018,370,384,375
9/02/2018,372,383,378
16/02/2018,386,397,392
23/02/2018,394,403,399
2/03/2018,407,417,415
9/03/2018,398,413,408
16/03/2018,404,415,412
23/03/2018,397,413,404
30/03/2018,413,425,410
6/04/2018,425,439,414
13/04/2018,427,435,426
20/04/2018,418,426,414
27/04/2018,426,428,416
4/05/2018,420,413,409
11/05/2018,408,402,395
18/05/2018,408,393,392
25/05/2018,416,403,406
1/06/2018,410,406,399
8/06/2018,395,386,381
15/06/2018,370,372,357
22/06/2018,370,383,352
29/06/2018,374,383,339
6/07/2018,379,399,345
13/07/2018,370,390,323
20/07/2018,386,389,334
27/07/2018,389,400,341
3/08/2018,394,403,343
10/08/2018,380,393,334
17/08/2018,390,404,343
24/08/2018,373,377,321
31/08/2018,371,383,317
7/09/2018,376,396,316
14/09/2018,379,395,307
21/09/2018,386,402,313
28/09/2018,390,404,314
5/10/2018,401,417,324
12/10/2018,399,419,328
19/10/2018,394,412,324
26/10/2018,380,403,320
2/11/2018,386,404,330
9/11/2018,372,388,332
16/11/2018,369,377,335
23/11/2018,359,371,332
30/11/2018,356,370,336
7/12/2018,363,359,346
14/12/2018,360,352,341
21/12/2018,354,349,339
28/12/2018,346,346,338
4/01/2019,347,354,349
11/01/2019,347,349,344
18/01/2019,348,348,347
25/01/2019,348,354,351
1/02/2019,349,352,348
8/02/2019,349,354,349
15/02/2019,346,355,350
22/02/2019,347,355,355
1/03/2019,341,347,354
8/03/2019,336,339,349
15/03/2019,336,350,355
22/03/2019,337,346,352
29/03/2019,324,337,341
5/04/2019,326,342,346
12/04/2019,320,340,343
19/04/2019,317,336,338
26/04/2019,309,326,332
3/05/2019,299,318,324
10/05/2019,304,319,313
17/05/2019,316,341,320
24/05/2019,332,352,328
31/05/2019,347,360,346
7/06/2019,340,361,339
14/06/2019,351,371,353
21/06/2019,349,366,356
28/06/2019,350,367,356
5/07/2019,339,355,346
12/07/2019,349,368,360
19/07/2019,345,363,355
26/07/2019,339,355,352
2/08/2019,332,352,337
9/08/2019,353,370,344
16/08/2019,349,370,340
23/08/2019,350,367,333
30/08/2019,350,363,336
6/09/2019,342,359,328
13/09/2019,353,368,341
20/09/2019,345,359,334
27/09/2019,343,359,335
4/10/2019,353,368,351
11/10/2019,357,373,360
18/10/2019,353,370,360
25/10/2019,356,375,359
1/11/2019,356,375,361
8/11/2019,355,373,362
15/11/2019,355,372,362
22/11/2019,353,366,354
29/11/2019,349,361,347
6/12/2019,356,367,349
13/12/2019,365,374,358
20/12/2019,372,365,367
27/12/2019,369,365,366
3/01/2020,370,365,367
10/01/2020,371,369,368
17/01/2020,362,362,364
24/01/2020,353,353,355
31/01/2020,344,341,344
7/02/2020,346,346,348
14/02/2020,347,352,353
21/02/2020,349,344,351
28/02/2020,342,342,349
6/03/2020,330,343,350
13/03/2020,315,330,335
20/03/2020,318,339,344
27/03/2020,337,346,352
3/04/2020,329,336,342
10/04/2020,330,343,345
17/04/2020,325,329,334
24/04/2020,324,329,331
1/05/2020,327,336,337
8/05/2020,330,338,337
15/05/2020,325,335,332
22/05/2020,327,336,333
29/05/2020,335,345,335
5/06/2020,344,362,348
12/06/2020,346,371,350
19/06/2020,350,370,356
26/06/2020,344,362,351
3/07/2020,358,369,359
10/07/2020,353,368,359
17/07/2020,361,378,364
24/07/2020,364,390,371
31/07/2020,363,393,368
7/08/2020,359,384,359
14/08/2020,368,397,370
21/08/2020,370,399,371
28/08/2020,385,415,390
4/09/2020,391,419,397
11/09/2020,405,432,410
18/09/2020,434,454,433
25/09/2020,422,441,425
2/10/2020,427,454,432
9/10/2020,447,482,449
16/10/2020,448,478,445
23/10/2020,462,510,459
30/10/2020,453,499,449
6/11/2020,468,511,463
13/11/2020,484,521,477
20/11/2020,495,528,484
27/11/2020,499,532,485
4/12/2020,486,517,470
11/12/2020,486,471,469
18/12/2020,507,485,490
25/12/2020,523,495,504
1/01/2021,539,511,523
8/01/2021,558,534,544
15/01/2021,573,550,560
22/01/2021,536,515,519
29/01/2021,556,534,536
5/02/2021,555,531,535
12/02/2021,550,515,535
19/02/2021,558,511,537
26/02/2021,542,522,546
5/03/2021,532,529,557
12/03/2021,522,517,549
19/03/2021,516,516,550
26/03/2021,509,508,540
2/04/2021,509,515,540
9/04/2021,511,521,540
16/04/2021,524,533,553
23/04/2021,556,561,596
30/04/2021,555,565,606
7/05/2021,569,588,624
14/05/2021,564,570,622
21/05/2021,540,550,592
28/05/2021,550,557,594
4/06/2021,562,575,614
11/06/2021,536,562,584
18/06/2021,506,521,545
25/06/2021,492,507,516
2/07/2021,533,554,561
9/07/2021,517,540,542
16/07/2021,544,564,570
23/07/2021,528,546,550
30/07/2021,531,553,555
6/08/2021,533,551,554
13/08/2021,548,561,548
20/08/2021,521,534,525
27/08/2021,540,554,541
3/09/2021,542,556,534
10/09/2021,547,557,539
17/09/2021,546,561,536
24/09/2021,553,555,538
1/10/2021,541,533,519
8/10/2021,542,526,512
15/10/2021,538,519,499
22/10/2021,538,515,495
29/10/2021,544,511,500
5/11/2021,530,491,483
12/11/2021,543,506,492
19/11/2021,551,514,501
26/11/2021,547,509,499
3/12/2021,553,516,505
10/12/2021,552,512,505
17/12/2021,558,520,515
24/12/2021,577,524,535
31/12/2021,577,522,534
7/01/2022,612,551,560
14/01/2022,596,524,551
21/01/2022,605,549,569
28/01/2022,610,575,592
4/02/2022,634,619,620
11/02/2022,645,621,633
18/02/2022,653,644,634
25/02/2022,664,645,630
4/03/2022,695,677,651
11/03/2022,707,680,680
18/03/2022,694,678,679
25/03/2022,681,689,686
1/04/2022,626,633,640
8/04/2022,660,669,678
15/04/2022,654,668,671
22/04/2022,656,678,678
29/04/2022,656,672,676
6/05/2022,636,648,657
13/05/2022,645,655,656
20/05/2022,663,680,680
27/05/2022,671,692,689
3/06/2022,659,683,679
10/06/2022,677,682,693
17/06/2022,656,661,673
24/06/2022,612,626,636
1/07/2022,597,618,634
8/07/2022,598,617,634
15/07/2022,581,592,610
22/07/2022,569,577,591
29/07/2022,638,636,657
5/08/2022,607,618,607
12/08/2022,612,629,632
19/08/2022,597,611,615
26/08/2022,624,645,663
2/09/2022,597,617,628
9/09/2022,582,613,602
16/09/2022,578,606,604
23/09/2022,570,601,596
30/09/2022,562,576,573
7/10/2022,565,598,578
14/10/2022,589,604,593
21/10/2022,599,605,608
28/10/2022,594,607,607
4/11/2022,614,624,629
11/11/2022,608,626,619
18/11/2022,596,609,598
25/11/2022,592,605,598
2/12/2022,589,596,582
9/12/2022,615,587,601
16/12/2022,625,588,604
23/12/2022,629,584,604
30/12/2022,619,602,617
