Date,Argentina,Australia,BlackSea,Canada,France,US_HRW,US_SRW,US_DNS
7/01/2000,98,133,,150,99,108,96,144
14/01/2000,103,137,,152,99,113,101,145
21/01/2000,101,137,,155,99,114,101,146
28/01/2000,100,136,,153,99,111,100,146
4/02/2000,100,134,,150,101,110,100,143
11/02/2000,101,140,,152,101,116,106,146
18/02/2000,100,138,,153,101,115,104,142
25/02/2000,100,136,,149,101,112,100,139
3/03/2000,98,133,,150,99,110,97,143
10/03/2000,101,136,,147,99,112,99,145
17/03/2000,104,138,,149,99,117,104,145
24/03/2000,102,133,,144,99,110,97,147
31/03/2000,105,132,,149,99,113,99,150
7/04/2000,109,134,,149,100,113,99,150
14/04/2000,110,134,,150,100,112,99,150
21/04/2000,110,134,,149,100,113,98,149
28/04/2000,112,130,,147,100,110,96,149
5/05/2000,118,138,,156,110,114,102,153
12/05/2000,125,139,,151,110,118,110,153
19/05/2000,125,136,,149,110,115,104,150
26/05/2000,128,141,,150,110,119,106,150
2/06/2000,125,140,,148,,117,103,148
9/06/2000,125,140,,149,,117,101,149
16/06/2000,124,141,,149,,115,98,148
23/06/2000,125,148,,151,,120,103,149
30/06/2000,125,148,,148,,121,99,147
7/07/2000,123,142,,144,,118,93,140
14/07/2000,120,140,,142,,117,91,145
21/07/2000,119,138,,140,,115,93,142
28/07/2000,130,136,,138,,114,94,136
4/08/2000,130,138,,136,105,111,88,132
11/08/2000,129,136,,133,105,111,90,133
18/08/2000,125,138,,137,105,115,93,136
25/08/2000,126,140,,141,105,119,95,138
1/09/2000,125,147,,143,107,122,99,141
8/09/2000,121,146,,143,107,121,98,142
15/09/2000,120,146,,140,107,122,96,140
22/09/2000,122,143,,140,107,122,100,140
29/09/2000,125,150,,147,107,131,106,145
6/10/2000,128,156,,147,106,132,107,143
13/10/2000,130,162,,149,106,133,107,150
20/10/2000,134,159,,149,106,130,106,152
27/10/2000,135,158,,150,106,129,104,152
3/11/2000,133,163,,150,109,132,106,153
10/11/2000,133,161,,150,109,127,103,152
17/11/2000,133,161,,153,109,129,105,155
24/11/2000,114,167,,151,109,133,107,157
1/12/2000,115,164,,164,114,132,108,156
8/12/2000,115,162,,160,114,130,106,155
15/12/2000,115,161,,157,114,127,104,152
22/12/2000,116,165,,159,114,133,108,157
29/12/2000,118,164,,161,114,134,109,157
5/01/2001,121,167,,162,114,135,110,157
12/01/2001,122,170,,163,114,138,112,158
19/01/2001,122,166,,162,114,136,112,155
26/01/2001,124,162,,162,114,134,110,154
2/02/2001,125,162,,160,108,132,110,153
9/02/2001,125,162,,159,108,131,108,153
16/02/2001,124,160,,160,108,131,108,154
23/02/2001,124,159,,157,108,131,107,156
2/03/2001,124,162,,159,108,135,112,157
9/03/2001,122,162,,161,108,135,112,159
16/03/2001,120,158,,152,108,131,106,158
23/03/2001,119,154,,149,108,128,103,156
30/03/2001,120,154,,148,108,126,100,155
6/04/2001,118,156,,147,107,129,102,156
13/04/2001,121,155,,152,107,130,104,159
20/04/2001,122,159,,153,107,133,104,160
27/04/2001,125,161,,153,107,135,104,162
4/05/2001,127,162,,154,115,136,103,162
11/05/2001,129,158,,157,115,138,103,163
18/05/2001,131,160,,158,115,138,104,164
25/05/2001,131,156,,154,115,132,100,162
1/06/2001,133,160,,159,110,137,106,166
8/06/2001,128,158,,157,110,133,104,163
15/06/2001,126,158,,153,110,128,98,158
22/06/2001,125,155,,152,110,125,97,158
29/06/2001,123,147,,153,110,124,97,154
6/07/2001,122,151,,155,108,126,102,155
13/07/2001,124,158,,156,113,129,112,155
20/07/2001,123,158,,152,114,127,112,149
27/07/2001,123,157,,153,113,128,111,150
3/08/2001,124,157,,147,113,125,105,146
10/08/2001,122,160,,146,118,126,107,147
17/08/2001,119,159,,146,118,125,106,146
24/08/2001,119,163,,149,118,129,111,149
31/08/2001,119,163,,151,117,129,113,150
7/09/2001,121,162,,149,116,128,111,147
14/09/2001,118,163,,148,119,126,110,146
21/09/2001,115,162,,146,117,125,106,145
28/09/2001,118,163,,144,114,126,111,145
5/10/2001,117,163,,145,115,124,114,151
12/10/2001,116,164,,145,114,124,116,154
19/10/2001,106,167,,151,114,129,121,157
26/10/2001,110,168,,153,115,132,123,159
2/11/2001,107,169,,151,118,129,120,157
9/11/2001,106,166,,151,116,129,120,157
16/11/2001,111,164,,150,116,130,122,156
23/11/2001,110,165,,149,116,130,122,155
30/11/2001,108,161,,147,116,129,120,154
7/12/2001,107,161,,156,116,126,120,154
14/12/2001,108,159,,153,116,125,122,151
21/12/2001,110,159,,151,114,124,123,150
28/12/2001,111,160,,151,114,126,124,151
4/01/2002,113,163,,150,116,129,129,152
11/01/2002,115,164,,153,115,130,130,151
18/01/2002,117,162,,151,113,130,123,148
25/01/2002,114,160,,151,110,131,123,146
1/02/2002,113,160,,151,110,126,118,147
8/02/2002,112,159,,150,110,127,116,147
15/02/2002,110,157,,149,111,126,114,146
22/02/2002,109,158,,148,110,129,115,147
1/03/2002,109,158,,146,106,125,112,146
8/03/2002,110,158,,148,104,125,112,148
15/03/2002,109,152,,149,106,126,117,149
22/03/2002,112,152,,142,103,125,121,146
29/03/2002,113,155,,146,102,129,121,150
5/04/2002,114,157,,145,103,128,118,147
12/04/2002,123,149,,143,103,124,117,145
19/04/2002,123,151,,142,104,127,115,146
26/04/2002,126,146,,142,106,122,111,143
3/05/2002,125,146,,143,107,122,112,143
10/05/2002,126,149,,142,106,122,113,146
17/05/2002,133,149,,143,100,123,114,145
24/05/2002,139,150,,144,100,123,113,145
31/05/2002,142,152,,148,101,129,118,148
7/06/2002,148,159,,146,102,130,110,144
14/06/2002,148,165,,148,102,136,118,145
21/06/2002,150,164,,148,103,136,119,147
28/06/2002,155,169,,155,105,140,120,152
5/07/2002,128,169,,163,105,146,123,157
12/07/2002,126,174,,165,104,148,123,159
19/07/2002,132,179,,172,108,154,127,165
26/07/2002,135,181,,174,106,157,128,166
2/08/2002,136,184,,174,111,159,127,168
9/08/2002,135,187,,176,112,162,133,170
16/08/2002,141,192,,184,115,165,133,176
23/08/2002,139,187,,187,115,165,134,181
30/08/2002,138,199,,199,115,175,143,195
6/09/2002,151,213,,226,119,193,161,219
13/09/2002,154,220,,224,121,187,152,211
20/09/2002,163,220,,230,121,191,155,218
27/09/2002,158,221,,233,121,196,160,221
4/10/2002,158,223,,236,119,194,149,217
11/10/2002,155,221,,234,119,193,145,214
18/10/2002,156,225,,236,116,197,166,217
25/10/2002,149,218,,231,118,192,167,209
1/11/2002,147,219,,231,120,195,170,208
8/11/2002,140,215,,232,120,179,158,197
15/11/2002,136,206,,228,117,181,166,200
22/11/2002,132,200,,223,117,178,156,195
29/11/2002,130,203,,217,116,181,159,195
6/12/2002,128,193,,209,116,169,151,186
13/12/2002,130,190,,207,114,167,150,183
20/12/2002,131,186,,204,115,163,146,179
27/12/2002,132,184,,200,117,160,143,176
3/01/2003,132,182,,198,118,159,142,173
10/01/2003,133,181,,196,114,151,139,169
17/01/2003,136,174,,196,110,154,141,171
24/01/2003,143,173,,196,108,154,140,172
31/01/2003,141,177,,191,108,156,143,175
7/02/2003,144,182,,193,109,157,145,177
14/02/2003,146,181,,192,111,155,146,176
21/02/2003,148,180,,188,111,155,143,178
28/02/2003,150,173,,183,109,148,137,176
7/03/2003,151,177,,185,109,148,133,179
14/03/2003,150,171,,183,104,147,130,177
21/03/2003,148,169,,180,105,143,126,174
28/03/2003,146,168,,179,107,142,125,174
4/04/2003,137,169,,178,106,142,128,175
11/04/2003,138,170,,179,107,144,126,173
18/04/2003,140,167,,175,110,143,129,170
25/04/2003,148,167,,174,110,143,133,172
2/05/2003,150,162,,173,112,143,124,170
9/05/2003,153,166,,180,113,152,137,179
16/05/2003,159,176,,184,116,153,143,177
23/05/2003,161,170,,174,117,143,135,169
30/05/2003,162,169,,177,114,139,130,170
6/06/2003,157,163,,176,115,136,128,168
13/06/2003,158,167,,171,119,135,128,165
20/06/2003,158,161,,174,116,132,124,165
27/06/2003,158,158,,170,130,128,118,160
4/07/2003,158,154,,166,132,127,121,160
11/07/2003,135,154,,166,133,129,129,159
18/07/2003,138,159,,173,138,138,134,163
25/07/2003,144,163,,174,145,140,135,160
1/08/2003,150,166,,179,139,147,138,165
8/08/2003,151,174,,177,143,150,140,164
15/08/2003,157,183,,186,143,164,152,176
22/08/2003,158,181,,180,142,158,148,173
29/08/2003,156,181,,173,149,157,150,173
5/09/2003,154,181,,170,152,152,142,165
12/09/2003,150,175,,164,153,150,141,164
19/09/2003,148,171,,161,153,147,140,162
26/09/2003,151,178,,168,160,151,147,168
3/10/2003,151,172,,167,162,151,144,168
10/10/2003,144,173,,161,162,143,134,162
17/10/2003,144,184,,162,159,144,138,163
24/10/2003,152,184,,176,169,158,155,175
31/10/2003,154,184,,177,176,159,156,175
7/11/2003,167,184,,179,181,162,159,177
14/11/2003,173,190,,187,196,171,170,183
21/11/2003,166,184,,185,193,170,165,184
28/11/2003,162,195,,191,195,175,171,186
5/12/2003,165,196,,190,200,173,170,183
12/12/2003,163,190,,187,198,170,165,180
19/12/2003,159,189,,189,197,172,165,181
26/12/2003,155,182,,180,198,164,155,174
2/01/2004,163,186,,193,197,177,166,185
9/01/2004,160,192,,187,203,168,158,181
16/01/2004,167,191,,191,195,171,163,184
23/01/2004,158,192,,188,201,166,158,181
30/01/2004,154,190,,191,196,168,160,187
6/02/2004,152,187,,191,198,163,156,184
13/02/2004,149,190,,189,196,164,159,186
20/02/2004,144,188,,192,188,163,156,189
27/02/2004,148,192,,196,195,167,163,192
5/03/2004,146,186,,191,192,164,156,188
12/03/2004,145,181,,186,183,162,153,183
19/03/2004,155,197,,193,192,174,163,189
26/03/2004,163,197,,194,190,177,168,189
2/04/2004,162,199,,199,190,180,171,195
9/04/2004,162,199,,197,188,177,169,191
16/04/2004,157,190,,189,182,169,161,186
23/04/2004,157,190,,186,182,164,154,185
30/04/2004,160,193,,186,187,168,159,190
7/05/2004,163,201,,194,182,175,164,196
14/05/2004,155,190,,182,176,160,146,182
21/05/2004,154,189,,184,171,162,147,185
28/05/2004,150,189,,185,164,160,146,186
4/06/2004,150,189,,188,167,162,149,189
11/06/2004,145,184,,185,166,157,143,184
18/06/2004,140,186,,185,175,157,141,185
25/06/2004,140,180,,181,139,154,137,180
2/07/2004,128,176,125,178,142,152,137,176
9/07/2004,128,176,125,178,143,154,138,177
16/07/2004,129,175,125,176,143,155,138,174
23/07/2004,127,172,125,175,139,154,137,172
30/07/2004,121,168,125,166,135,145,131,161
6/08/2004,118,170,125,168,142,148,133,164
13/08/2004,113,159,125,158,140,141,129,157
20/08/2004,115,166,125,165,141,146,136,161
27/08/2004,119,167,122,168,139,146,133,161
3/09/2004,120,173,120,176,140,150,136,170
10/09/2004,122,172,120,184,140,157,145,187
17/09/2004,123,183,120,193,138,159,146,187
24/09/2004,124,179,125,193,139,156,142,183
1/10/2004,121,175,125,188,138,152,140,176
8/10/2004,122,174,120,186,139,152,143,175
15/10/2004,121,179,120,192,141,158,150,184
22/10/2004,116,177,120,191,142,154,146,183
29/10/2004,117,181,120,201,142,158,149,187
5/11/2004,116,180,130,201,144,163,146,191
12/11/2004,117,184,130,200,146,162,146,190
19/11/2004,116,185,130,198,147,165,150,191
26/11/2004,114,179,135,194,147,158,143,183
3/12/2004,113,174,135,202,147,158,144,185
10/12/2004,112,180,135,202,144,160,142,185
17/12/2004,111,179,135,202,144,162,143,187
24/12/2004,111,182,135,204,146,161,145,189
31/12/2004,110,181,135,205,150,158,143,191
7/01/2005,107,183,127,207,142,162,145,196
14/01/2005,108,184,127,207,142,159,145,194
21/01/2005,107,182,127,209,141,157,143,195
28/01/2005,105,173,127,204,145,152,144,188
4/02/2005,106,174,127,203,136,151,145,187
11/02/2005,115,174,127,204,135,152,147,186
18/02/2005,116,172,130,198,136,152,146,182
25/02/2005,126,177,130,207,136,160,155,188
4/03/2005,128,180,130,198,136,157,157,185
11/03/2005,125,183,130,202,135,163,164,193
18/03/2005,129,183,130,197,132,157,161,188
25/03/2005,128,176,127,196,129,153,153,184
1/04/2005,132,171,127,188,133,148,148,176
8/04/2005,131,167,127,184,132,144,136,174
15/04/2005,127,167,127,179,131,143,133,175
22/04/2005,126,170,127,186,130,150,134,180
29/04/2005,131,174,120,193,129,154,137,187
6/05/2005,133,166,120,187,128,149,133,183
13/05/2005,133,165,120,184,128,145,132,179
20/05/2005,133,167,120,191,129,151,136,183
27/05/2005,134,176,120,199,125,152,142,189
3/06/2005,132,168,120,197,129,150,138,187
10/06/2005,132,164,120,195,128,143,134,186
17/06/2005,133,168,122,203,127,147,136,192
24/06/2005,134,171,122,205,129,150,139,195
1/07/2005,139,167,120,196,129,146,133,189
8/07/2005,142,168,115,199,127,147,133,186
15/07/2005,144,169,110,202,122,152,138,179
22/07/2005,146,165,110,189,128,147,131,168
29/07/2005,146,172,110,185,130,151,131,170
5/08/2005,144,174,110,183,132,152,130,170
12/08/2005,140,175,110,185,133,156,135,170
19/08/2005,141,182,110,196,129,161,136,177
26/08/2005,142,182,110,209,130,163,132,180
2/09/2005,141,182,110,199,134,159,134,179
9/09/2005,138,181,110,197,130,162,137,179
16/09/2005,135,190,110,206,127,172,137,187
23/09/2005,133,193,110,213,125,175,141,195
30/09/2005,135,192,115,207,124,178,146,198
7/10/2005,135,196,115,205,125,174,142,194
14/10/2005,136,194,115,207,124,176,141,195
21/10/2005,135,189,115,204,124,172,139,188
28/10/2005,137,191,115,202,127,174,135,192
4/11/2005,137,187,117,204,125,169,133,193
11/11/2005,136,190,117,205,127,170,136,195
18/11/2005,134,185,120,204,127,166,133,193
25/11/2005,131,184,125,201,126,161,132,191
2/12/2005,130,192,125,205,126,167,135,192
9/12/2005,131,184,125,201,124,163,132,188
16/12/2005,129,186,125,210,124,166,137,188
23/12/2005,128,189,123,212,123,171,143,191
30/12/2005,133,189,123,215,123,173,145,193
6/01/2006,132,192,122,213,126,170,142,190
13/01/2006,131,188,122,212,123,171,144,192
20/01/2006,131,188,122,212,124,169,143,191
27/01/2006,137,193,124,215,129,173,149,195
3/02/2006,138,198,130,217,131,179,153,197
10/02/2006,137,205,133,217,134,186,151,196
17/02/2006,137,199,135,216,136,188,156,197
24/02/2006,137,202,135,216,135,185,154,198
3/03/2006,136,202,138,214,138,188,156,201
10/03/2006,134,204,140,213,136,191,153,203
17/03/2006,135,194,140,202,139,180,143,194
24/03/2006,135,194,135,197,136,173,137,191
31/03/2006,135,196,135,201,136,179,140,199
7/04/2006,134,203,135,205,133,183,141,204
14/04/2006,135,212,130,208,135,188,142,207
21/04/2006,138,205,130,205,139,184,142,205
28/04/2006,138,199,130,205,140,184,139,204
5/05/2006,139,206,130,210,142,191,146,208
12/05/2006,141,216,135,221,145,201,158,215
19/05/2006,147,228,140,221,149,209,160,216
26/05/2006,156,226,140,221,151,210,155,216
2/06/2006,155,218,145,221,151,205,153,215
9/06/2006,155,218,145,214,146,200,141,208
16/06/2006,156,213,145,209,142,197,135,204
23/06/2006,157,223,145,221,146,207,138,215
30/06/2006,157,228,142,233,144,215,147,226
7/07/2006,157,231,140,238,145,213,148,230
14/07/2006,160,222,142,232,145,209,146,223
21/07/2006,159,224,145,231,160,212,151,218
28/07/2006,158,216,145,221,159,205,145,209
4/08/2006,160,217,145,220,162,205,148,210
11/08/2006,162,216,152,211,164,195,147,201
18/08/2006,160,212,155,206,166,199,144,199
25/08/2006,163,218,155,204,171,205,151,199
1/09/2006,169,224,165,212,185,209,165,207
8/09/2006,167,223,180,209,183,207,166,204
15/09/2006,165,215,178,202,178,202,160,196
22/09/2006,169,221,180,214,184,209,172,203
29/09/2006,174,225,180,217,191,213,183,205
6/10/2006,181,228,175,221,196,213,193,207
13/10/2006,192,238,185,236,208,225,208,219
20/10/2006,195,233,188,232,204,222,202,216
27/10/2006,192,234,190,231,207,221,205,217
3/11/2006,188,236,190,229,206,218,199,217
10/11/2006,186,235,195,226,208,213,195,216
17/11/2006,184,234,200,230,203,218,193,218
24/11/2006,184,234,200,235,207,220,202,223
1/12/2006,186,239,200,248,206,226,205,226
8/12/2006,184,232,200,236,200,212,192,216
15/12/2006,186,231,200,240,198,213,196,219
22/12/2006,188,232,200,241,199,217,201,221
29/12/2006,188,233,200,241,201,214,194,221
5/01/2007,184,224,200,230,195,203,181,209
12/01/2007,184,225,200,236,194,213,184,217
19/01/2007,179,230,200,234,201,208,180,214
26/01/2007,174,228,200,232,198,207,179,213
2/02/2007,174,231,200,232,198,207,177,214
9/02/2007,175,235,195,233,196,206,177,217
16/02/2007,173,236,200,237,200,211,180,225
23/02/2007,177,245,200,244,204,216,185,227
2/03/2007,177,239,200,240,204,214,178,222
9/03/2007,179,239,200,240,203,213,178,223
16/03/2007,189,233,190,236,209,208,169,220
23/03/2007,195,238,195,236,208,208,169,221
30/03/2007,200,234,195,229,207,199,162,217
6/04/2007,201,230,195,233,211,199,160,219
13/04/2007,210,242,195,242,221,213,181,230
20/04/2007,215,248,195,245,223,219,190,229
27/04/2007,216,243,200,248,224,214,191,232
4/05/2007,215,235,205,243,221,206,186,226
11/05/2007,218,228,205,241,215,203,185,225
18/05/2007,220,229,205,234,215,196,177,216
25/05/2007,221,229,215,243,217,205,188,226
1/06/2007,235,237,215,247,217,212,195,230
8/06/2007,236,236,215,247,220,216,194,229
15/06/2007,240,261,225,265,241,245,219,243
22/06/2007,242,258,230,269,237,235,217,247
29/06/2007,249,263,230,279,248,251,219,257
6/07/2007,257,261,245,279,260,251,231,258
13/07/2007,258,270,255,282,260,252,237,263
20/07/2007,,273,265,279,274,248,237,256
27/07/2007,,283,275,288,294,264,251,262
3/08/2007,,280,275,289,301,263,251,261
10/08/2007,,294,275,296,311,268,258,270
17/08/2007,,291,280,295,312,271,260,265
24/08/2007,,305,285,301,328,288,288,277
31/08/2007,,321,300,313,358,301,301,293
7/09/2007,,342,320,349,373,334,326,317
14/09/2007,,357,325,355,368,340,332,326
21/09/2007,,364,330,368,362,351,341,337
28/09/2007,,391,335,399,382,377,366,371
5/10/2007,,377,335,393,362,365,351,373
12/10/2007,,365,330,390,358,354,342,375
19/10/2007,,366,330,393,341,354,343,375
26/10/2007,,351,330,380,331,339,323,363
2/11/2007,,344,330,377,331,333,315,356
9/11/2007,,334,330,378,335,323,308,350
16/11/2007,,330,330,380,320,319,305,353
23/11/2007,,358,330,411,334,347,333,383
30/11/2007,,378,335,429,357,366,348,399
7/12/2007,297,395,335,460,363,382,367,427
14/12/2007,327,413,335,497,377,400,381,453
21/12/2007,323,400,335,492,373,387,367,451
28/12/2007,321,377,335,474,370,365,347,435
4/01/2008,325,390,340,491,385,378,360,459
11/01/2008,330,385,340,486,366,373,351,452
18/01/2008,330,415,345,538,368,402,368,503
25/01/2008,340,402,360,559,369,389,367,539
1/02/2008,345,410,360,610,371,397,372,617
8/02/2008,358,475,380,802,402,459,431,708
15/02/2008,362,456,380,772,399,442,405,904
22/02/2008,375,466,380,774,405,451,412,897
29/02/2008,395,467,400,721,430,481,426,793
7/03/2008,395,489,420,608,443,474,432,669
14/03/2008,,524,440,633,455,507,463,652
21/03/2008,,433,440,572,428,420,387,583
28/03/2008,,428,440,570,412,414,379,571
4/04/2008,,430,440,631,386,416,373,592
11/04/2008,,402,440,558,380,389,340,578
18/04/2008,,400,440,530,354,388,336,571
25/04/2008,,369,400,485,317,357,305,533
2/05/2008,,379,380,471,328,367,292,535
9/05/2008,,363,360,486,337,351,270,536
16/05/2008,,355,360,484,322,343,259,483
23/05/2008,,345,340,490,312,334,249,489
30/05/2008,,349,340,487,285,337,250,496
6/06/2008,350,366,340,412,301,353,256,488
13/06/2008,370,395,300,439,321,382,280,498
20/06/2008,368,382,300,433,322,369,274,508
27/06/2008,363,384,300,447,326,371,283,550
4/07/2008,345,377,290,420,312,365,286,492
11/07/2008,325,359,285,403,304,347,261,403
18/07/2008,320,349,275,400,295,337,251,400
25/07/2008,327,348,265,397,294,336,251,410
1/08/2008,322,345,275,390,300,333,251,398
8/08/2008,305,342,275,385,282,330,247,407
15/08/2008,305,363,275,409,295,351,272,385
22/08/2008,303,374,290,418,293,362,284,392
29/08/2008,298,349,285,393,276,337,248,364
5/09/2008,288,331,270,370,255,320,236,349
12/09/2008,282,317,265,364,250,307,232,348
19/09/2008,280,318,250,364,252,307,233,351
26/09/2008,270,316,240,367,249,305,232,353
3/10/2008,265,289,235,336,227,278,209,321
10/10/2008,238,266,220,314,203,255,183,299
17/10/2008,220,264,200,317,193,253,197,301
24/10/2008,217,246,185,304,182,236,186,289
31/10/2008,200,256,170,327,187,245,192,308
7/11/2008,195,254,160,330,184,244,186,309
14/11/2008,194,263,155,336,178,253,196,315
21/11/2008,175,242,160,315,170,233,178,293
28/11/2008,171,254,,326,171,244,192,301
5/12/2008,168,225,,306,159,216,163,281
12/12/2008,170,239,,328,170,229,177,298
19/12/2008,181,198,,340,185,244,196,311
26/12/2008,185,199,,346,187,256,207,321
2/01/2009,190,209,,343,190,262,212,322
9/01/2009,206,218,,353,200,269,215,320
16/01/2009,210,203,,343,195,253,196,310
23/01/2009,221,206,,342,192,253,201,309
30/01/2009,230,208,,338,195,250,197,304
6/02/2009,217,209,,343,193,245,195,303
13/02/2009,217,208,,312,194,242,186,295
20/02/2009,216,211,,303,181,236,183,290
27/02/2009,210,215,,307,177,239,188,292
6/03/2009,216,214,,309,175,243,194,296
13/03/2009,215,212,,308,177,243,191,299
20/03/2009,215,224,,316,189,253,199,300
27/03/2009,215,221,,300,177,232,182,289
3/04/2009,210,225,,324,185,254,203,311
10/04/2009,212,223,,312,183,239,188,301
17/04/2009,212,220,,307,183,245,186,296
24/04/2009,208,220,,319,192,250,190,307
1/05/2009,210,224,185,334,191,258,202,312
8/05/2009,,237,185,333,201,265,210,316
15/05/2009,,238,190,333,203,265,205,314
22/05/2009,,245,195,347,211,274,217,323
29/05/2009,,256,200,348,217,284,226,328
5/06/2009,,265,200,340,213,277,220,310
12/06/2009,227,270,200,333,200,263,206,302
19/06/2009,228,264,190,321,194,255,206,290
26/06/2009,225,261,175,311,192,248,200,284
3/07/2009,232,251,180,295,190,235,176,266
10/07/2009,232,239,170,287,192,231,185,262
17/07/2009,240,244,170,292,196,238,192,269
24/07/2009,238,249,170,282,190,229,181,258
31/07/2009,245,238,170,284,184,233,185,261
7/08/2009,240,229,175,272,177,221,171,246
14/08/2009,230,227,170,265,178,211,168,235
21/08/2009,215,218,165,257,176,206,159,230
28/08/2009,205,211,170,257,182,208,162,228
4/09/2009,205,210,160,259,177,205,163,238
11/09/2009,205,204,160,260,173,199,164,255
18/09/2009,210,208,160,265,177,196,166,274
25/09/2009,210,194,160,264,185,196,163,273
2/10/2009,206,194,165,260,181,194,162,269
9/10/2009,215,198,165,269,187,202,174,271
16/10/2009,215,203,175,279,188,211,183,285
23/10/2009,215,213,180,292,200,228,204,278
30/10/2009,216,206,180,275,192,209,187,264
6/11/2009,205,205,180,278,194,210,192,264
13/11/2009,215,208,185,293,193,232,216,287
20/11/2009,215,211,185,298,192,236,222,283
27/11/2009,232,217,190,296,192,229,218,275
4/12/2009,239,222,190,292,196,227,216,267
11/12/2009,242,212,187,292,187,219,209,259
18/12/2009,235,202,185,285,183,217,209,255
25/12/2009,,,185,,,,,
1/01/2010,245,205,185,296,186,222,217,260
8/01/2010,238,213,185,303,188,227,225,270
15/01/2010,235,205,180,285,180,209,203,250
22/01/2010,232,198,173,283,176,206,198,251
29/01/2010,231,196,173,278,171,202,189,248
5/02/2010,222,189,170,283,169,201,189,253
12/02/2010,220,192,170,281,169,206,194,259
19/02/2010,215,195,169,282,167,207,195,260
26/02/2010,215,190,169,284,166,212,204,263
5/03/2010,214,192,167,276,165,207,197,262
12/03/2010,210,187,165,276,164,206,196,263
19/03/2010,210,186,165,270,167,205,196,266
26/03/2010,210,180,165,263,165,199,189,269
2/04/2010,210,177,166,266,169,197,185,270
9/04/2010,220,181,166,268,170,199,190,276
16/04/2010,230,185,170,273,174,204,199,270
23/04/2010,235,185,170,269,179,202,200,267
30/04/2010,235,187,173,265,176,202,198,262
7/05/2010,242,188,173,268,170,202,200,261
14/05/2010,242,185,173,254,166,191,188,249
21/05/2010,245,175,175,254,176,194,193,246
28/05/2010,240,181,175,253,173,186,190,243
4/06/2010,202,180,175,250,168,179,182,238
11/06/2010,202,178,165,253,171,175,182,239
18/06/2010,197,182,160,282,173,186,190,259
25/06/2010,195,180,164,273,170,181,190,247
2/07/2010,192,175,170,278,188,190,201,251
9/07/2010,200,193,180,287,198,205,216,261
16/07/2010,215,207,200,297,224,223,234,274
23/07/2010,227,211,215,301,227,227,237,273
30/07/2010,245,229,235,319,250,250,261,299
6/08/2010,285,282,,330,302,268,283,312
13/08/2010,290,262,,326,284,279,277,310
20/08/2010,283,262,,325,282,283,272,318
27/08/2010,285,264,,337,292,289,269,333
3/09/2010,290,279,,367,304,311,304,376
10/09/2010,295,296,,370,299,312,304,398
17/09/2010,305,294,290,378,310,312,303,413
24/09/2010,305,288,290,374,303,302,296,390
1/10/2010,295,281,290,353,291,281,272,375
8/10/2010,300,280,,374,316,306,296,397
15/10/2010,298,293,,377,302,299,290,396
22/10/2010,290,287,,365,295,288,276,396
29/10/2010,295,295,,384,316,305,295,412
5/11/2010,300,296,,396,314,311,300,418
12/11/2010,290,294,,376,313,290,286,413
19/11/2010,300,282,,366,297,283,281,410
26/11/2010,300,281,,379,295,287,282,413
3/12/2010,305,303,,407,323,324,323,440
10/12/2010,300,335,,420,326,327,316,461
17/12/2010,300,292,,414,319,317,306,456
24/12/2010,300,329,,425,329,331,319,466
31/12/2010,303,320,,430,339,333,323,471
7/01/2011,315,295,,423,334,331,316,467
14/01/2011,318,296,,440,347,336,315,474
21/01/2011,328,303,,458,361,351,334,491
28/01/2011,335,301,,463,367,355,335,504
4/02/2011,345,301,,480,375,365,349,513
11/02/2011,355,308,,495,376,378,353,525
18/02/2011,355,309,,471,369,364,339,504
25/02/2011,350,289,,457,352,349,322,489
4/03/2011,355,305,,465,358,360,332,504
11/03/2011,345,279,,424,316,321,293,472
18/03/2011,350,264,,426,348,329,297,477
25/03/2011,345,283,,429,351,335,306,482
1/04/2011,350,287,,447,355,354,318,497
8/04/2011,350,287,,465,368,364,330,516
15/04/2011,345,279,,443,348,339,308,498
22/04/2011,350,286,,470,373,368,329,522
29/04/2011,350,289,,473,365,356,316,520
6/05/2011,350,270,,472,351,346,303,504
13/05/2011,350,264,,454,352,344,292,497
20/05/2011,350,272,,491,361,374,326,516
27/05/2011,350,293,,516,369,376,331,528
3/06/2011,355,280,305,521,366,367,314,529
10/06/2011,350,282,305,520,350,352,310,507
17/06/2011,340,266,300,481,328,329,278,499
24/06/2011,330,257,265,451,287,309,263,473
1/07/2011,320,235,240,437,275,294,249,461
8/07/2011,315,237,250,445,278,297,263,466
15/07/2011,310,242,240,452,289,310,281,464
22/07/2011,305,262,240,451,284,316,280,459
29/07/2011,295,260,250,438,290,312,273,428
5/08/2011,295,251,255,427,282,318,275,414
12/08/2011,295,247,260,439,288,329,280,390
19/08/2011,285,252,265,445,290,340,291,424
26/08/2011,298,264,290,443,306,357,302,421
2/09/2011,305,266,285,440,301,360,288,428
9/09/2011,305,266,275,421,292,343,278,414
16/09/2011,300,252,270,401,285,321,268,384
23/09/2011,290,234,255,402,266,305,261,386
30/09/2011,280,233,250,412,258,295,253,401
7/10/2011,265,219,235,422,257,288,253,413
14/10/2011,265,226,235,419,266,299,258,400
21/10/2011,255,240,235,416,264,308,262,395
28/10/2011,245,247,245,415,266,313,268,392
4/11/2011,245,243,245,412,266,308,267,395
11/11/2011,245,233,245,421,263,303,260,399
18/11/2011,235,226,245,416,254,286,253,395
25/11/2011,230,222,240,392,244,277,244,370
2/12/2011,215,228,240,401,244,293,256,378
9/12/2011,223,218,240,394,247,285,243,368
16/12/2011,224,215,240,390,246,275,237,361
23/12/2011,226,232,245,399,251,290,252,371
30/12/2011,233,240,245,400,256,306,264,373
6/01/2012,245,237,250,381,257,292,253,353
13/01/2012,247,237,260,380,256,288,245,351
20/01/2012,252,244,260,373,265,286,250,349
27/01/2012,255,255,265,389,275,299,266,362
3/02/2012,265,258,275,390,284,304,272,367
10/02/2012,265,257,280,383,281,288,261,360
17/02/2012,262,256,280,379,287,296,264,361
24/02/2012,263,255,280,370,283,296,261,351
2/03/2012,263,253,280,381,288,307,272,366
9/03/2012,263,245,280,374,286,294,260,358
16/03/2012,260,251,280,381,294,301,271,367
23/03/2012,258,249,275,371,287,297,264,365
30/03/2012,258,248,275,380,290,299,268,370
6/04/2012,255,258,275,385,284,284,260,373
13/04/2012,255,263,270,373,287,277,255,367
20/04/2012,245,261,270,363,292,270,252,357
27/04/2012,245,263,270,357,291,274,262,351
4/05/2012,247,260,265,340,287,262,246,333
11/05/2012,247,261,265,340,282,259,244,333
18/05/2012,250,261,265,359,277,299,278,352
25/05/2012,260,270,270,358,280,298,268,351
1/06/2012,260,272,270,347,277,273,241,336
8/06/2012,263,276,265,351,277,280,248,340
15/06/2012,260,275,260,352,265,274,242,341
22/06/2012,265,281,265,358,274,296,266,347
29/06/2012,275,293,270,375,292,315,288,364
6/07/2012,290,322,295,395,299,336,313,382
13/07/2012,305,326,300,406,321,349,328,393
20/07/2012,330,354,310,432,328,381,361,419
27/07/2012,330,344,305,411,321,368,345,398
3/08/2012,335,342,315,398,319,366,340,384
10/08/2012,335,354,315,393,327,365,338,379
17/08/2012,330,345,310,390,323,362,336,376
24/08/2012,335,352,310,392,335,362,341,378
31/08/2012,335,347,315,400,337,364,344,386
7/09/2012,335,344,315,401,344,371,349,390
14/09/2012,335,347,330,414,357,385,354,403
21/09/2012,335,343,340,400,345,388,355,389
28/09/2012,330,343,350,400,342,385,357,389
5/10/2012,330,348,350,392,344,367,341,382
12/10/2012,330,349,345,394,342,371,341,384
19/10/2012,330,345,345,400,342,378,346,390
26/10/2012,337,344,345,392,342,378,345,382
2/11/2012,342,341,345,397,346,378,345,384
9/11/2012,345,350,345,401,351,381,354,388
16/11/2012,345,335,350,384,345,364,339,371
23/11/2012,345,337,355,385,353,365,343,372
30/11/2012,348,345,355,387,357,372,343,374
7/12/2012,345,349,360,400,355,370,343,381
14/12/2012,360,339,,388,347,355,329,369
21/12/2012,375,333,,380,339,353,324,361
28/12/2012,375,323,,380,338,348,321,361
4/01/2013,375,321,,364,330,340,309,346
11/01/2013,360,318,,371,337,340,311,353
18/01/2013,355,333,,381,341,354,323,363
25/01/2013,355,327,,379,341,347,317,364
1/02/2013,357,324,,377,346,344,312,364
8/02/2013,358,313,,371,330,340,311,361
15/02/2013,358,306,,368,331,332,306,360
22/02/2013,358,301,,358,330,321,294,348
1/03/2013,358,306,,355,324,322,293,353
8/03/2013,345,299,,350,313,315,285,361
15/03/2013,347,300,,354,318,325,294,362
22/03/2013,340,296,,354,327,330,296,362
29/03/2013,340,299,,357,326,317,276,353
5/04/2013,330,283,,359,330,316,281,352
12/04/2013,325,307,,349,338,326,287,357
19/04/2013,315,316,,357,329,322,288,357
26/04/2013,315,315,315,362,317,326,281,357
3/05/2013,315,319,315,368,325,338,289,358
10/05/2013,315,319,310,368,327,331,284,356
17/05/2013,315,307,300,362,312,323,279,354
24/05/2013,315,310,300,360,309,327,281,348
31/05/2013,310,304,305,366,305,330,284,353
7/06/2013,310,307,305,360,308,325,282,353
14/06/2013,310,299,,348,286,317,274,347
21/06/2013,310,298,267,355,261,324,279,349
28/06/2013,310,295,255,348,253,300,258,338
5/07/2013,310,295,255,343,253,300,265,329
12/07/2013,310,296,248,353,257,315,274,342
19/07/2013,310,294,247,346,256,314,274,325
26/07/2013,270,294,250,340,251,313,270,320
2/08/2013,275,289,255,338,253,318,276,320
9/08/2013,278,294,250,335,247,313,266,320
16/08/2013,285,298,252,336,248,314,265,326
23/08/2013,285,291,252,328,252,313,266,318
30/08/2013,286,295,252,328,251,313,271,327
6/09/2013,300,299,250,322,252,312,268,323
13/09/2013,305,299,250,316,251,305,264,322
20/09/2013,308,287,252,320,254,310,274,314
27/09/2013,315,282,252,327,262,325,290,329
4/10/2013,340,283,257,327,269,332,293,340
11/10/2013,345,282,271,323,273,333,295,345
18/10/2013,345,282,278,324,280,336,300,349
25/10/2013,350,286,285,321,284,334,294,344
1/11/2013,355,280,287,313,276,326,286,340
8/11/2013,355,276,288,304,276,317,279,334
15/11/2013,355,275,288,301,278,314,281,326
22/11/2013,350,275,286,304,283,315,283,330
29/11/2013,350,276,286,303,289,319,285,326
6/12/2013,350,273,296,295,291,310,281,324
13/12/2013,340,267,296,287,288,302,275,320
20/12/2013,335,259,296,290,289,297,271,320
27/12/2013,330,258,296,285,290,292,270,314
3/01/2014,335,255,296,283,288,291,272,318
10/01/2014,330,258,296,279,278,289,259,357
17/01/2014,330,251,287,278,268,286,257,367
24/01/2014,330,249,281,277,273,287,257,365
31/01/2014,330,244,279,273,266,283,254,332
7/02/2014,325,253,279,286,267,294,262,349
14/02/2014,325,257,276,296,274,303,268,355
21/02/2014,330,265,279,296,278,308,270,347
28/02/2014,325,260,279,298,281,306,266,342
7/03/2014,330,275,284,328,298,322,285,376
14/03/2014,330,276,293,327,298,335,298,365
21/03/2014,355,286,298,325,294,348,299,365
28/03/2014,360,291,298,323,293,344,298,364
4/04/2014,365,285,296,317,288,330,287,357
11/04/2014,360,288,293,309,295,325,279,346
18/04/2014,360,292,288,318,303,339,291,350
25/04/2014,360,280,291,326,300,342,292,344
2/05/2014,360,290,291,332,294,363,297,350
9/05/2014,375,300,290,343,286,357,299,362
16/05/2014,375,288,290,323,276,335,273,334
23/05/2014,375,291,286,330,271,327,265,325
30/05/2014,370,288,275,323,265,317,254,324
6/06/2014,370,280,254,321,266,322,252,325
13/06/2014,365,278,250,315,246,315,242,321
20/06/2014,370,272,250,318,252,317,243,324
27/06/2014,350,269,254,318,249,322,250,328
4/07/2014,315,263,252,308,246,313,245,325
11/07/2014,300,262,250,295,242,286,226,312
18/07/2014,300,261,243,296,243,286,230,316
25/07/2014,285,257,241,295,248,290,235,356
1/08/2014,285,252,244,291,241,290,239,348
8/08/2014,285,260,246,297,242,288,246,345
15/08/2014,280,256,244,297,235,283,247,331
22/08/2014,280,258,245,298,234,284,249,333
29/08/2014,280,269,247,298,233,282,248,329
5/09/2014,285,264,247,300,224,281,245,392
12/09/2014,285,260,246,291,216,264,236,374
19/09/2014,280,256,240,285,211,270,232,366
26/09/2014,275,251,235,290,201,281,235,365
3/10/2014,270,256,235,290,206,282,240,369
10/10/2014,270,261,235,284,205,286,245,369
17/10/2014,270,265,237,301,213,289,247,371
24/10/2014,270,262,245,300,221,285,247,370
31/10/2014,270,267,248,301,220,285,254,367
7/11/2014,258,264,249,291,217,276,248,357
14/11/2014,255,280,253,307,225,285,263,371
21/11/2014,255,263,251,308,220,279,255,370
28/11/2014,255,262,252,316,228,289,266,375
5/12/2014,255,265,259,327,229,288,271,369
12/12/2014,250,267,258,327,235,286,275,338
19/12/2014,250,269,258,330,241,295,280,339
26/12/2014,250,265,265,326,243,284,272,333
2/01/2015,258,266,261,322,242,274,263,307
9/01/2015,255,267,265,310,237,267,257,308
16/01/2015,250,264,260,303,228,260,245,301
23/01/2015,250,255,255,285,225,257,244,289
30/01/2015,250,249,250,278,208,246,232,269
6/02/2015,250,247,246,287,211,255,241,276
13/02/2015,240,241,235,284,209,256,242,284
20/02/2015,240,242,233,276,214,244,233,293
27/02/2015,235,236,227,272,207,246,234,289
6/03/2015,235,228,223,256,202,240,221,285
13/03/2015,230,232,219,260,196,246,226,300
20/03/2015,225,233,214,268,206,259,237,316
27/03/2015,225,242,210,263,202,251,227,307
3/04/2015,225,236,210,267,205,262,239,314
10/04/2015,228,238,210,261,197,251,234,309
17/04/2015,228,235,210,240,195,233,221,280
24/04/2015,228,237,210,241,196,230,213,277
1/05/2015,228,231,211,233,199,223,201,270
8/05/2015,228,234,201,232,189,230,201,273
15/05/2015,228,240,192,230,193,238,213,280
22/05/2015,226,238,195,251,189,243,214,279
29/05/2015,226,234,195,234,182,228,204,269
5/06/2015,226,240,194,249,188,239,216,280
12/06/2015,226,243,195,245,193,235,209,271
19/06/2015,226,240,193,238,191,227,203,264
26/06/2015,226,253,193,257,211,247,231,281
3/07/2015,236,255,200,262,220,254,243,285
10/07/2015,236,253,200,262,212,250,239,278
17/07/2015,226,243,199,250,202,238,226,252
24/07/2015,226,242,193,239,196,222,210,239
31/07/2015,226,229,191,231,189,218,204,233
7/08/2015,228,234,188,231,189,218,208,235
14/08/2015,226,230,187,229,185,220,206,236
21/08/2015,225,224,185,220,184,213,200,229
28/08/2015,225,218,181,213,177,210,194,235
4/09/2015,223,199,180,227,170,217,202,236
11/09/2015,223,198,181,227,175,219,208,239
18/09/2015,223,197,182,234,176,218,209,237
25/09/2015,223,198,186,238,184,224,217,247
2/10/2015,223,208,189,240,187,222,218,249
9/10/2015,224,211,195,237,193,221,218,253
16/10/2015,224,216,198,230,193,216,213,243
23/10/2015,224,212,198,229,189,213,212,242
30/10/2015,222,217,198,235,194,218,221,250
6/11/2015,218,221,198,232,193,218,222,248
13/11/2015,205,214,199,228,187,210,211,240
20/11/2015,200,216,196,233,185,208,208,240
27/11/2015,200,211,195,235,188,208,201,241
4/12/2015,195,209,196,239,190,210,202,247
11/12/2015,190,211,193,239,185,216,206,232
18/12/2015,190,206,191,232,181,217,205,232
25/12/2015,190,208,190,228,183,212,197,228
1/01/2016,190,206,189,227,183,212,198,227
8/01/2016,194,201,185,230,176,214,200,228
15/01/2016,196,203,181,230,173,214,200,227
22/01/2016,194,203,179,229,171,213,200,227
29/01/2016,194,206,181,230,171,213,202,230
5/02/2016,195,207,182,226,171,207,198,226
12/02/2016,195,206,181,224,171,203,194,222
19/02/2016,193,207,181,225,167,206,195,225
26/02/2016,193,204,179,223,161,200,188,224
4/03/2016,193,208,179,223,164,207,191,225
11/03/2016,193,214,179,223,167,212,197,232
18/03/2016,191,215,180,223,166,204,192,226
25/03/2016,191,215,182,223,167,204,192,227
1/04/2016,192,218,184,221,169,205,197,231
8/04/2016,198,214,183,228,170,198,192,230
15/04/2016,200,216,185,228,167,198,193,231
22/04/2016,200,223,191,226,168,199,195,230
29/04/2016,200,217,192,233,174,200,200,233
6/05/2016,200,216,193,228,175,193,192,230
13/05/2016,203,214,195,228,175,195,197,233
20/05/2016,203,214,194,221,175,193,193,232
27/05/2016,202,217,191,228,175,198,199,233
3/06/2016,210,216,191,233,185,207,204,239
10/06/2016,210,226,191,232,186,206,203,236
17/06/2016,210,223,189,228,180,202,197,237
24/06/2016,210,224,182,220,177,190,189,234
1/07/2016,210,217,173,211,169,182,177,226
8/07/2016,210,215,167,220,175,191,186,234
15/07/2016,210,210,166,213,184,188,182,234
22/07/2016,210,205,162,205,185,191,182,235
29/07/2016,215,200,165,205,187,187,176,231
5/08/2016,215,199,167,200,186,192,182,233
12/08/2016,215,202,172,209,189,193,185,248
19/08/2016,215,198,174,211,192,196,190,254
26/08/2016,215,190,174,196,183,184,176,251
2/09/2016,215,179,172,198,179,181,172,245
9/09/2016,210,184,170,203,177,183,175,242
16/09/2016,200,188,168,205,180,196,185,238
23/09/2016,195,191,168,210,185,195,185,246
30/09/2016,185,191,170,214,185,195,186,250
7/10/2016,185,185,173,215,182,190,180,251
14/10/2016,185,187,175,218,183,196,190,251
21/10/2016,183,187,176,214,183,195,188,249
28/10/2016,179,194,177,212,186,192,185,248
4/11/2016,177,194,180,207,189,191,186,243
11/11/2016,176,195,183,208,183,190,183,246
18/11/2016,176,185,184,210,183,191,185,250
25/11/2016,176,190,184,211,184,190,180,251
2/12/2016,167,178,183,219,181,180,175,256
9/12/2016,168,182,182,222,180,188,178,254
16/12/2016,167,182,183,220,180,189,175,261
23/12/2016,170,173,183,213,180,186,169,256
30/12/2016,174,169,183,217,185,191,174,255
6/01/2017,175,173,183,225,189,196,181,264
13/01/2017,174,174,183,238,188,204,183,277
20/01/2017,177,172,185,230,188,207,184,279
27/01/2017,182,174,187,225,190,205,186,288
3/02/2017,184,173,187,225,191,206,188,288
10/02/2017,184,179,189,230,192,215,195,293
17/02/2017,187,177,192,225,191,212,191,271
24/02/2017,188,178,193,225,191,214,188,268
3/03/2017,188,177,194,216,192,206,187,278
10/03/2017,192,180,193,217,191,206,183,278
17/03/2017,192,183,192,223,190,200,184,261
24/03/2017,192,178,191,219,186,192,182,256
31/03/2017,190,177,190,218,180,191,182,251
7/04/2017,189,175,189,212,179,190,182,246
14/04/2017,190,179,188,218,181,192,184,248
21/04/2017,189,175,188,214,180,185,175,247
28/04/2017,189,173,187,217,190,196,179,252
5/05/2017,188,180,186,225,189,201,181,252
12/05/2017,190,181,186,222,186,200,180,251
19/05/2017,190,184,186,227,185,203,180,256
26/05/2017,188,190,187,233,186,203,181,260
2/06/2017,188,192,190,236,187,201,178,264
9/06/2017,188,205,190,245,185,219,184,272
16/06/2017,192,215,184,258,184,244,191,288
23/06/2017,192,217,187,265,188,235,191,300
30/06/2017,192,230,188,303,194,246,212,343
7/07/2017,194,246,193,302,198,249,213,337
14/07/2017,194,243,196,305,197,235,208,335
21/07/2017,192,240,196,310,194,229,205,338
28/07/2017,192,229,197,302,195,219,197,325
4/08/2017,192,223,196,292,191,208,187,313
11/08/2017,192,213,194,276,190,206,182,295
18/08/2017,192,209,188,275,184,199,175,293
25/08/2017,192,203,184,270,186,196,176,289
1/09/2017,187,202,182,257,186,204,184,276
8/09/2017,185,214,185,269,186,217,190,289
15/09/2017,185,212,186,267,189,219,194,282
22/09/2017,184,218,191,270,191,219,195,287
29/09/2017,184,222,194,262,192,218,196,281
6/10/2017,184,219,195,262,191,214,194,281
13/10/2017,185,210,195,260,189,214,193,277
20/10/2017,185,210,194,256,189,210,190,276
27/10/2017,185,203,194,254,188,217,190,280
3/11/2017,181,215,193,260,189,222,190,283
10/11/2017,179,214,193,269,190,225,190,291
17/11/2017,178,213,192,263,189,220,188,287
24/11/2017,178,216,192,260,190,218,184,282
1/12/2017,178,217,190,256,191,220,184,279
8/12/2017,177,212,191,249,187,217,177,275
15/12/2017,178,212,191,255,187,220,179,279
22/12/2017,178,212,191,252,188,222,182,276
29/12/2017,177,213,191,256,188,224,183,277
5/01/2018,177,215,191,263,192,229,184,282
12/01/2018,178,215,193,256,193,225,180,277
19/01/2018,178,218,194,255,191,225,181,275
26/01/2018,180,223,196,259,197,231,189,281
2/02/2018,184,220,198,254,199,235,192,277
9/02/2018,188,219,199,249,198,234,196,277
16/02/2018,188,224,201,251,203,242,201,278
23/02/2018,190,224,205,250,203,240,201,276
2/03/2018,197,225,207,246,206,260,219,282
9/03/2018,202,223,209,250,201,254,217,282
16/03/2018,215,224,209,246,203,246,209,285
23/03/2018,222,219,209,245,204,237,208,289
30/03/2018,222,219,209,236,203,230,204,284
6/04/2018,230,219,210,245,209,245,212,293
13/04/2018,225,231,214,251,207,241,214,295
20/04/2018,233,237,214,246,204,236,214,296
27/04/2018,234,233,214,249,204,245,224,298
4/05/2018,248,242,214,258,205,254,234,301
11/05/2018,268,244,214,254,203,241,220,295
18/05/2018,270,250,211,259,203,249,225,299
25/05/2018,268,253,212,263,206,262,233,301
1/06/2018,275,257,211,248,209,252,224,286
8/06/2018,273,256,207,244,213,253,223,282
15/06/2018,270,256,205,233,208,246,216,270
22/06/2018,263,247,199,222,206,237,213,264
29/06/2018,253,242,198,220,206,230,215,247
6/07/2018,250,250,201,231,220,234,220,256
13/07/2018,247,251,202,226,217,231,212,243
20/07/2018,245,251,207,240,228,237,219,255
27/07/2018,241,265,217,259,236,245,223,267
3/08/2018,242,288,231,269,251,258,232,269
10/08/2018,242,303,235,268,249,255,228,270
17/08/2018,241,305,230,270,245,257,235,266
24/08/2018,241,307,227,257,238,248,222,258
31/08/2018,240,307,225,265,241,247,224,264
7/09/2018,236,297,221,260,230,236,211,252
14/09/2018,236,287,219,260,232,241,216,253
21/09/2018,236,298,220,266,239,244,217,256
28/09/2018,230,296,227,263,234,237,213,249
5/10/2018,232,289,233,270,236,242,219,258
12/10/2018,232,323,233,274,237,242,219,261
19/10/2018,235,325,233,272,233,241,219,264
26/10/2018,235,310,232,268,230,237,215,260
2/11/2018,225,307,227,270,228,237,216,259
9/11/2018,220,311,227,266,230,232,216,257
16/11/2018,220,299,226,266,232,232,219,258
23/11/2018,220,297,227,266,231,226,217,259
30/11/2018,219,304,226,269,229,239,223,264
7/12/2018,222,305,229,270,232,244,228,265
14/12/2018,230,309,235,266,236,247,228,261
21/12/2018,234,311,238,256,238,236,224,250
28/12/2018,233,300,239,251,236,234,223,246
4/01/2019,232,297,239,262,239,239,225,254
11/01/2019,233,311,241,264,238,240,227,254
18/01/2019,232,297,241,265,235,241,226,253
25/01/2019,240,293,245,264,237,244,227,255
1/02/2019,244,295,247,268,238,246,230,257
8/02/2019,251,284,247,260,233,240,229,253
15/02/2019,245,273,242,256,223,235,224,256
22/02/2019,240,268,237,255,224,229,223,258
1/03/2019,235,269,233,251,218,223,213,258
8/03/2019,233,266,231,251,211,220,203,261
15/03/2019,234,253,225,251,218,223,208,261
22/03/2019,226,250,228,252,219,224,210,269
29/03/2019,220,248,228,247,212,220,209,261
5/04/2019,221,249,228,234,217,219,209,247
12/04/2019,221,248,227,238,220,220,206,248
19/04/2019,220,249,223,235,212,213,198,233
26/04/2019,219,244,216,224,208,206,195,225
3/05/2019,218,248,214,230,212,201,192,226
10/05/2019,216,217,206,233,209,196,189,229
17/05/2019,218,211,205,235,209,211,208,234
24/05/2019,220,220,208,243,210,219,217,242
31/05/2019,240,248,211,237,212,231,223,241
7/06/2019,246,248,198,246,213,222,224,248
14/06/2019,244,249,196,243,211,232,236,246
21/06/2019,244,246,194,230,217,225,232,234
28/06/2019,245,256,197,238,213,227,231,239
5/07/2019,245,255,193,231,195,222,226,231
12/07/2019,245,248,194,234,196,227,225,238
19/07/2019,244,246,194,225,193,215,218,231
26/07/2019,242,239,195,222,191,216,216,229
2/08/2019,244,235,196,222,190,211,214,229
9/08/2019,243,232,195,220,189,210,220,226
16/08/2019,237,227,193,214,186,204,207,228
23/08/2019,232,228,191,212,184,203,209,226
30/08/2019,229,227,188,211,181,196,201,219
6/09/2019,228,236,186,217,180,198,205,220
13/09/2019,230,242,185,228,186,202,214,224
20/09/2019,228,241,186,238,184,207,214,253
27/09/2019,228,240,188,250,186,207,214,278
4/10/2019,227,239,194,249,190,207,215,274
11/10/2019,228,234,198,254,195,215,223,280
18/10/2019,230,236,206,255,200,218,232,277
25/10/2019,228,235,210,251,199,216,229,276
1/11/2019,200,232,210,250,200,217,228,278
8/11/2019,198,234,208,244,198,217,226,273
15/11/2019,197,231,208,238,198,215,225,268
22/11/2019,197,234,208,238,201,218,233,264
29/11/2019,197,236,209,238,206,223,245,264
6/12/2019,200,240,212,239,205,215,239,265
13/12/2019,201,247,215,249,206,220,242,269
20/12/2019,204,250,217,255,209,229,245,269
27/12/2019,204,251,218,263,214,235,250,275
3/01/2020,208,254,218,260,215,233,252,267
10/01/2020,211,252,222,263,218,239,255,268
17/01/2020,230,255,227,264,218,237,261,266
24/01/2020,240,262,232,258,220,236,262,264
31/01/2020,240,255,228,252,215,230,252,259
7/02/2020,240,250,224,251,216,232,254,261
14/02/2020,240,246,221,248,214,229,248,259
21/02/2020,240,244,220,247,215,229,252,258
28/02/2020,245,240,214,242,207,222,239,256
6/03/2020,245,244,212,247,210,219,235,254
13/03/2020,245,233,206,234,200,214,230,251
20/03/2020,243,235,210,240,211,231,240,256
27/03/2020,245,252,221,245,220,238,250,262
3/04/2020,247,262,223,241,214,230,240,255
10/04/2020,246,279,225,244,223,236,243,260
17/04/2020,244,273,232,237,222,231,233,249
24/04/2020,244,280,229,234,216,228,228,244
1/05/2020,238,282,227,231,220,231,225,241
8/05/2020,242,272,227,238,220,231,220,243
15/05/2020,237,261,226,238,218,219,212,243
22/05/2020,240,261,222,238,218,217,213,245
29/05/2020,240,263,220,242,219,226,219,250
5/06/2020,242,266,223,243,222,223,217,248
12/06/2020,242,,206,237,204,216,212,244
19/06/2020,240,,203,241,203,211,204,248
26/06/2020,240,,201,227,199,210,204,236
3/07/2020,242,,198,231,207,218,210,239
10/07/2020,244,,202,236,215,225,229,247
17/07/2020,244,,210,233,215,224,239,240
24/07/2020,243,,209,236,219,224,242,243
31/07/2020,241,,208,235,221,223,239,249
7/08/2020,240,,206,232,215,215,228,242
14/08/2020,238,,198,236,217,219,228,254
21/08/2020,240,,201,240,219,230,238,266
28/08/2020,245,221,209,240,225,239,244,264
4/09/2020,244,227,216,246,225,242,246,274
11/09/2020,244,227,223,243,227,245,247,276
18/09/2020,247,231,234,254,232,257,259,283
25/09/2020,249,236,234,250,226,248,250,275
2/10/2020,253,243,236,253,234,261,260,280
9/10/2020,258,244,244,259,239,267,268,288
16/10/2020,256,241,249,265,247,279,279,298
23/10/2020,254,252,255,272,251,283,282,304
30/10/2020,251,251,253,265,241,272,270,293
6/11/2020,256,239,253,273,254,276,271,297
13/11/2020,265,241,253,272,254,274,268,296
20/11/2020,261,241,253,271,254,270,268,287
27/11/2020,263,242,254,276,258,270,270,290
4/12/2020,263,238,254,270,256,260,259,279
11/12/2020,273,243,255,275,262,274,274,285
18/12/2020,277,251,258,277,265,270,271,284
25/12/2020,273,255,260,277,266,277,278,289
1/01/2021,270,258,263,285,266,282,283,296
8/01/2021,277,264,275,288,274,279,282,299
15/01/2021,291,269,291,302,287,297,298,304
22/01/2021,290,276,301,296,285,286,281,288
29/01/2021,278,271,294,297,284,295,291,292
5/02/2021,273,267,287,295,277,289,285,289
12/02/2021,270,272,279,286,279,284,284,285
19/02/2021,270,274,280,293,290,289,287,294
26/02/2021,265,281,288,293,292,287,288,293
5/03/2021,268,276,288,295,287,284,286,296
12/03/2021,266,278,280,292,280,276,281,292
19/03/2021,268,272,271,288,271,268,276,287
26/03/2021,268,264,256,280,261,260,271,281
2/04/2021,261,263,249,278,255,259,270,275
9/04/2021,261,263,242,296,259,267,281,297
16/04/2021,266,268,245,300,264,281,288,296
23/04/2021,275,276,260,321,286,304,309,315
30/04/2021,273,287,269,332,297,312,321,332
7/05/2021,288,296,276,345,302,323,330,341
14/05/2021,284,288,277,326,291,297,297,327
21/05/2021,276,285,273,305,287,284,284,313
28/05/2021,272,283,266,308,284,280,282,315
4/06/2021,275,284,266,338,288,293,291,346
11/06/2021,273,289,262,318,278,293,283,327
18/06/2021,273,279,251,317,247,280,271,328
25/06/2021,275,282,250,340,242,278,262,354
2/07/2021,276,283,245,349,246,285,261,370
9/07/2021,273,282,234,328,238,283,247,350
16/07/2021,276,282,238,364,252,304,278,396
23/07/2021,278,283,247,352,250,300,277,389
30/07/2021,279,287,259,361,267,308,281,397
6/08/2021,283,292,266,369,275,320,286,401
13/08/2021,286,291,289,382,302,339,302,415
20/08/2021,290,292,299,372,304,322,284,405
27/08/2021,290,301,298,379,298,326,286,414
3/09/2021,289,302,303,370,297,334,311,407
10/09/2021,290,300,307,360,290,322,293,400
17/09/2021,293,304,309,369,300,343,301,404
24/09/2021,296,308,304,376,305,353,310,410
1/10/2021,306,309,310,380,314,364,322,411
8/10/2021,307,321,314,387,318,350,314,410
15/10/2021,301,323,315,395,321,347,319,428
22/10/2021,298,322,320,410,326,362,333,444
29/10/2021,309,328,325,427,329,366,339,455
5/11/2021,314,331,333,409,335,361,335,439
12/11/2021,315,332,340,423,344,381,353,450
19/11/2021,312,341,347,408,345,382,356,434
26/11/2021,319,326,345,419,344,393,357,439
3/12/2021,319,314,340,418,335,379,347,440
10/12/2021,318,314,339,421,324,369,338,436
17/12/2021,320,297,335,417,318,375,334,436
24/12/2021,317,309,334,421,330,394,349,440
31/12/2021,310,311,335,408,319,372,333,421
7/01/2022,306,305,335,387,315,367,330,405
14/01/2022,300,307,332,376,310,356,322,396
21/01/2022,303,316,335,394,316,380,340,417
28/01/2022,308,316,332,392,316,387,346,410
4/02/2022,307,320,323,396,309,375,334,406
11/02/2022,313,324,318,411,309,386,346,423
18/02/2022,313,317,315,410,313,390,348,425
25/02/2022,360,335,335,406,334,408,365,424
4/03/2022,425,357,405,469,437,529,499,486
11/03/2022,419,398,405,441,433,479,460,456
18/03/2022,401,414,440,441,427,476,444,456
25/03/2022,401,409,420,458,435,489,456,472
1/04/2022,396,396,390,440,421,455,413,458
8/04/2022,401,394,390,460,418,489,434,477
15/04/2022,413,391,390,466,445,507,447,481
22/04/2022,444,392,395,471,444,499,436,487
29/04/2022,452,389,395,471,430,477,428,485
6/05/2022,456,391,400,486,428,503,447,501
13/05/2022,461,394,399,525,438,545,468,542
20/05/2022,475,409,410,511,453,534,466,527
27/05/2022,475,414,428,515,450,522,457,535
3/06/2022,482,417,430,476,424,473,408,487
10/06/2022,492,424,430,481,412,486,415,500
17/06/2022,482,422,435,464,422,465,400,477
24/06/2022,475,399,400,427,387,425,360,441
1/07/2022,450,394,393,387,361,395,329,397
8/07/2022,440,386,373,396,362,410,349,418
15/07/2022,423,384,368,375,350,372,324,394
22/07/2022,412,380,365,365,343,364,319,381
29/07/2022,410,377,365,379,360,384,337,392
5/08/2022,410,366,349,373,350,372,331,385
12/08/2022,410,370,349,385,349,389,344,397
19/08/2022,408,342,330,365,320,377,330,384
26/08/2022,400,345,315,378,329,389,340,389
2/09/2022,400,341,313,375,329,385,345,379
9/09/2022,400,339,313,383,343,424,384,418
16/09/2022,400,337,318,381,338,426,380,422
23/09/2022,402,338,325,385,336,432,392,430
30/09/2022,412,337,327,397,351,445,408,442
7/10/2022,420,344,327,392,346,439,397,440
14/10/2022,421,352,327,385,347,438,391,439
21/10/2022,431,355,318,388,335,438,386,443
28/10/2022,420,363,309,377,338,424,382,426
4/11/2022,414,355,323,386,338,431,378,417
11/11/2022,417,368,320,382,343,428,365,414
18/11/2022,419,345,315,386,342,417,354,416
25/11/2022,414,342,320,391,341,412,344,418
2/12/2022,405,342,316,390,333,393,337,406
9/12/2022,397,337,316,374,331,380,329,396
16/12/2022,396,331,315,374,325,380,334,402
23/12/2022,387,331,310,385,335,391,342,414
30/12/2022,380,335,310,385,337,396,346,417
